org_key,year,event_key,match_key,match_number,time,alliance,team_key,totalAutoPoints,totalTeleopPoints,totalEndgamePoints,contributedPoints,totalAutoCoral,totalTeleopCoral,totalCoral,totalAutoAlgae,totalTeleopAlgae,totalAlgae,ClimbTime,Reliability,startingPosition,didLeaveStartingZone,autoCoralL4,autoCoralL3,autoCoralL2,autoCoralL1,autoAlgaeProc,autoAlgaeNet,teleopCoralL4,teleopCoralL3,teleopCoralL2,teleopCoralL1,teleopAlgaeProc,teleopAlgaeNet,didDefense,Defenserating,totalMinorFouls,totalMajorFouls,climbingStartTime,climbingStopTime,bargeStatus,diedDuringMatch,recoveredFromFreeze,didYellowCard,didRedCard
frc4467,2025,2025tnkn,2025tnkn_qm1,1,4/4/2025 12:50:00 PM,red,frc5045,"0","4","0","4","0","1","1","0","0","0","0","1","Middle","0","0","0","0","0","0","0","0","1","0","0","0","0","0","0","0","0","0","0","Not Parked","0","0","0","0"
frc4467,2025,2025tnkn,2025tnkn_qm1,1,4/4/2025 12:50:00 PM,red,frc4630,"7","8","2","17","0","2","2","1","0","1","0","1","Processor Side","1","0","0","0","0","0","1","0","2","0","0","0","0","0","0","0","0","0","0","Parked","0","0","0","0"
frc4467,2025,2025tnkn,2025tnkn_qm1,1,4/4/2025 12:50:00 PM,blue,frc21,"10","29","12","51","1","7","8","0","0","0","16","1","Cage Side","1","1","0","0","0","0","0","3","3","0","1","0","0","0","0","0","0","21","5","Deep Cage","0","0","0","0"
frc4467,2025,2025tnkn,2025tnkn_qm1,1,4/4/2025 12:50:00 PM,blue,frc1466,"6","26","0","32","1","6","7","0","0","0","0","1","Processor Side","1","0","0","0","1","0","0","4","1","0","1","0","0","0","0","0","0","0","0","Not Parked","0","0","0","0"
frc4467,2025,2025tnkn,2025tnkn_qm1,1,4/4/2025 12:50:00 PM,blue,frc3824,"6","18","12","36","1","2","3","0","3","3","20","1","Middle","1","0","0","0","1","0","0","0","1","0","1","0","3","0","0","0","0","20","0","Deep Cage","0","0","0","0"
frc4467,2025,2025tnkn,2025tnkn_qm1,1,4/4/2025 12:50:00 PM,red,frc5744,"0","0","2","2","0","0","0","0","0","0","0","1","Not There","0","0","0","0","0","0","0","0","0","0","0","0","0","1","6","0","0","0","0","Parked","0","0","0","0"
frc4467,2025,2025tnkn,2025tnkn_qm2,2,4/4/2025 12:59:00 PM,red,frc4576,"10","8","2","20","1","0","1","0","2","2","0","1","Middle","1","1","0","0","0","0","0","0","0","0","0","0","2","0","0","0","0","0","0","Parked","0","0","0","0"
frc4467,2025,2025tnkn,2025tnkn_qm2,2,4/4/2025 12:59:00 PM,red,frc3984,"10","0","0","10","1","0","1","0","0","0","150","1","Cage Side","1","1","0","0","0","0","0","0","0","0","0","0","0","1","4","0","0","150","0","Not Parked","0","0","0","0"
frc4467,2025,2025tnkn,2025tnkn_qm2,2,4/4/2025 12:59:00 PM,blue,frc3504,"13","13","2","28","1","4","5","1","0","1","0","1","Not There","0","1","0","0","0","1","0","1","1","0","2","0","0","0","0","0","0","0","0","Parked","0","0","0","0"
frc4467,2025,2025tnkn,2025tnkn_qm2,2,4/4/2025 12:59:00 PM,blue,frc3324,"3","28","0","31","0","8","8","0","0","0","0","1","Processor Side","1","0","0","0","0","0","0","2","2","2","2","0","0","0","0","0","0","0","0","Not Parked","0","0","0","0"
frc4467,2025,2025tnkn,2025tnkn_qm2,2,4/4/2025 12:59:00 PM,blue,frc4020,"24","40","12","76","3","10","13","0","1","1","12","1","Cage Side","1","3","0","0","0","0","0","1","4","3","2","1","0","0","0","0","0","15","3","Deep Cage","0","0","0","0"
frc4467,2025,2025tnkn,2025tnkn_qm2,2,4/4/2025 12:59:00 PM,red,frc4306,"3","0","0","3","0","0","0","0","0","0","0","0","Processor Side","1","0","0","0","0","0","0","0","0","0","0","0","0","0","0","0","0","0","0","Not Parked","1","0","0","0"
frc4467,2025,2025tnkn,2025tnkn_qm3,3,4/4/2025 1:08:00 PM,blue,frc5847,"10","52","0","62","1","10","11","0","1","1","0","1","Processor Side","1","1","0","0","0","0","0","6","4","0","0","1","0","0","0","0","0","0","0","Not Parked","0","0","0","0"
frc4467,2025,2025tnkn,2025tnkn_qm3,3,4/4/2025 1:08:00 PM,red,frc3843,"6","16","12","34","1","0","1","0","3","3","6","1","Middle","1","0","0","0","1","0","0","0","0","0","0","2","1","0","0","0","0","26","20","Deep Cage","0","0","0","0"
frc4467,2025,2025tnkn,2025tnkn_qm3,3,4/4/2025 1:08:00 PM,red,frc4504,"0","0","0","0","0","0","0","0","0","0","110","1","Not There","0","0","0","0","0","0","0","0","0","0","0","0","0","0","0","0","0","110","0","Not Parked","0","0","0","0"
frc4467,2025,2025tnkn,2025tnkn_qm3,3,4/4/2025 1:08:00 PM,red,frc233,"3","51","2","56","0","12","12","0","0","0","7","1","Processor Side","1","0","0","0","0","0","0","5","5","2","0","0","0","0","0","0","0","7","0","Parked","0","0","0","0"
frc4467,2025,2025tnkn,2025tnkn_qm3,3,4/4/2025 1:08:00 PM,blue,frc5816,"3","27","2","32","0","6","6","0","0","0","11","1","Not There","1","0","0","0","0","0","0","5","0","0","1","0","0","0","9","0","0","11","0","Parked","0","0","0","0"
frc4467,2025,2025tnkn,2025tnkn_qm3,3,4/4/2025 1:08:00 PM,blue,frc3821,"0","0","0","0","0","0","0","0","0","0","150","1","Middle","0","0","0","0","0","0","0","0","0","0","0","0","0","1","2","2","0","150","0","Not Parked","0","0","0","0"
frc4467,2025,2025tnkn,2025tnkn_qm4,4,4/4/2025 1:17:00 PM,red,frc9152,"0","0","2","2","0","0","0","0","0","0","6","1","Middle","0","0","0","0","0","0","0","0","0","0","0","0","0","0","0","0","0","17","11","Parked","0","0","0","0"
frc4467,2025,2025tnkn,2025tnkn_qm4,4,4/4/2025 1:17:00 PM,red,frc538,"3","0","0","3","0","0","0","0","0","0","0","0","Processor Side","1","0","0","0","0","0","0","0","0","0","0","0","0","0","0","0","0","0","0","Not Parked","1","0","0","0"
frc4467,2025,2025tnkn,2025tnkn_qm4,4,4/4/2025 1:17:00 PM,blue,frc3966,"3","44","0","47","0","11","11","0","0","0","0","1","Cage Side","1","0","0","0","0","0","0","4","3","4","0","0","0","0","0","0","0","0","0","Not Parked","0","0","0","0"
frc4467,2025,2025tnkn,2025tnkn_qm4,4,4/4/2025 1:17:00 PM,blue,frc9668,"0","8","2","10","0","3","3","0","0","0","1","1","Middle","0","0","0","0","0","0","0","0","0","2","1","0","0","0","0","0","0","31","30","Parked","0","0","0","0"
frc4467,2025,2025tnkn,2025tnkn_qm4,4,4/4/2025 1:17:00 PM,blue,frc1592,"3","21","12","36","0","2","2","0","2","2","5","1","Processor Side","1","0","0","0","0","0","0","1","1","0","0","2","0","0","0","0","0","7","2","Deep Cage","0","0","0","0"
frc4467,2025,2025tnkn,2025tnkn_qm4,4,4/4/2025 1:17:00 PM,red,frc3937,"0","0","0","0","0","0","0","0","0","0","0","0","Processor Side","0","0","0","0","0","0","0","0","0","0","0","0","0","0","0","0","0","0","0","Not Parked","1","0","0","0"
frc4467,2025,2025tnkn,2025tnkn_qm5,5,4/4/2025 1:26:00 PM,red,frc4265,"20","37","12","69","3","6","9","0","3","3","13","1","Cage Side","1","2","0","0","1","0","0","3","1","2","0","0","3","0","0","0","0","18","5","Deep Cage","0","0","0","0"
frc4467,2025,2025tnkn,2025tnkn_qm5,5,4/4/2025 1:26:00 PM,blue,frc3140,"3","39","0","42","0","5","5","0","3","3","150","1","Processor Side","1","0","0","0","0","0","0","2","2","1","0","3","0","0","0","0","0","150","0","Not Parked","0","0","0","0"
frc4467,2025,2025tnkn,2025tnkn_qm5,5,4/4/2025 1:26:00 PM,red,frc4467,"3","28","2","33","0","4","4","0","2","2","17","1","Processor Side","1","0","0","0","0","0","0","2","0","2","0","2","0","0","0","0","0","17","0","Parked","0","0","0","0"
frc4467,2025,2025tnkn,2025tnkn_qm5,5,4/4/2025 1:26:00 PM,blue,frc7483,"3","17","12","32","0","3","3","0","1","1","5","1","Middle","1","0","0","0","0","0","0","2","0","1","0","0","1","0","0","0","0","6","1","Deep Cage","0","0","0","0"
frc4467,2025,2025tnkn,2025tnkn_qm5,5,4/4/2025 1:26:00 PM,blue,frc801,"17","44","2","63","2","11","13","0","0","0","12","1","Cage Side","1","2","0","0","0","0","0","4","4","2","1","0","0","0","0","0","0","12","0","Parked","0","0","0","0"
frc4467,2025,2025tnkn,2025tnkn_qm5,5,4/4/2025 1:26:00 PM,red,frc10479,"35","37","2","74","2","5","7","4","4","8","0","1","Middle","1","2","0","0","0","1","3","2","0","3","0","1","3","0","0","0","0","0","0","Parked","0","0","0","0"
frc4467,2025,2025tnkn,2025tnkn_qm6,6,4/4/2025 1:35:00 PM,blue,frc2614,"7","28","2","37","1","5","6","0","1","1","8","1","Cage Side","1","0","0","1","0","0","0","4","0","0","1","1","0","0","0","0","0","8","0","Parked","0","0","0","0"
frc4467,2025,2025tnkn,2025tnkn_qm6,6,4/4/2025 1:35:00 PM,blue,frc8570,"12","28","2","42","2","11","13","0","0","0","13","1","Processor Side","0","0","2","0","0","0","0","0","1","4","6","0","0","0","0","0","0","13","0","Parked","0","0","0","0"
frc4467,2025,2025tnkn,2025tnkn_qm6,6,4/4/2025 1:35:00 PM,red,frc7072,"24","27","12","63","3","6","9","0","0","0","16","1","Processor Side","1","3","0","0","0","0","0","5","0","0","1","0","0","0","0","0","0","16","0","Deep Cage","0","0","0","0"
frc4467,2025,2025tnkn,2025tnkn_qm6,6,4/4/2025 1:35:00 PM,red,frc7428,"3","22","12","37","0","4","4","0","1","1","8","1","Middle","1","0","0","0","0","0","0","2","1","0","1","1","0","0","0","0","0","9","1","Deep Cage","0","0","0","0"
frc4467,2025,2025tnkn,2025tnkn_qm6,6,4/4/2025 1:35:00 PM,blue,frc7255,"0","0","0","0","0","0","0","0","0","0","0","1","Middle","0","0","0","0","0","0","0","0","0","0","0","0","0","1","3","0","0","0","0","Not Parked","0","0","0","0"
frc4467,2025,2025tnkn,2025tnkn_qm6,6,4/4/2025 1:35:00 PM,red,frc6517,"10","0","0","10","1","0","1","0","0","0","0","0","Cage Side","1","1","0","0","0","0","0","0","0","0","0","0","0","0","0","0","0","0","0","Not Parked","1","0","0","0"
frc4467,2025,2025tnkn,2025tnkn_qm7,7,4/4/2025 1:44:00 PM,red,frc10101,"3","10","0","13","0","2","2","0","0","0","0","0","Middle","1","0","0","0","0","0","0","2","0","0","0","0","0","0","0","0","0","0","0","Not Parked","1","0","0","0"
frc4467,2025,2025tnkn,2025tnkn_qm7,7,4/4/2025 1:44:00 PM,red,frc3492,"3","7","0","10","0","2","2","0","0","0","150","1","Processor Side","1","0","0","0","0","0","0","0","1","1","0","0","0","0","0","0","0","150","0","Not Parked","0","0","0","0"
frc4467,2025,2025tnkn,2025tnkn_qm7,7,4/4/2025 1:44:00 PM,blue,frc5002,"3","35","2","40","0","8","8","0","0","0","3","1","Processor Side","1","0","0","0","0","0","0","3","5","0","0","0","0","0","0","0","0","3","0","Parked","0","0","0","0"
frc4467,2025,2025tnkn,2025tnkn_qm7,7,4/4/2025 1:44:00 PM,blue,frc2856,"3","0","0","3","0","0","0","0","0","0","0","1","Processor Side","1","0","0","0","0","0","0","0","0","0","0","0","0","1","5","0","0","0","0","Not Parked","0","0","0","0"
frc4467,2025,2025tnkn,2025tnkn_qm7,7,4/4/2025 1:44:00 PM,blue,frc2393,"3","34","2","39","0","7","7","0","0","0","5","1","Cage Side","1","0","0","0","0","0","0","6","1","0","0","0","0","0","0","0","0","8","3","Parked","0","0","0","0"
frc4467,2025,2025tnkn,2025tnkn_qm7,7,4/4/2025 1:44:00 PM,red,frc1708,"3","21","2","26","0","3","3","0","1","1","11","1","Cage Side","1","0","0","0","0","0","0","3","0","0","0","1","0","0","0","0","0","11","0","Parked","0","0","0","0"
frc4467,2025,2025tnkn,2025tnkn_qm8,8,4/4/2025 1:53:00 PM,blue,frc5816,"3","8","12","23","0","4","4","0","0","0","3","1","Processor Side","1","0","0","0","0","0","0","0","0","0","4","0","0","0","0","0","0","3","0","Deep Cage","0","0","0","0"
frc4467,2025,2025tnkn,2025tnkn_qm8,8,4/4/2025 1:53:00 PM,red,frc1014,"3","18","12","33","0","0","0","0","3","3","3","1","Middle","1","0","0","0","0","0","0","0","0","0","0","3","0","0","0","1","0","8","5","Deep Cage","0","0","0","0"
frc4467,2025,2025tnkn,2025tnkn_qm8,8,4/4/2025 1:53:00 PM,blue,frc3139,"3","0","2","5","0","0","0","0","0","0","0","1","Middle","1","0","0","0","0","0","0","0","0","0","0","0","0","1","6","0","0","0","0","Parked","0","0","0","0"
frc4467,2025,2025tnkn,2025tnkn_qm8,8,4/4/2025 1:53:00 PM,red,frc10269,"3","0","0","3","0","0","0","0","0","0","0","0","Cage Side","1","0","0","0","0","0","0","0","0","0","0","0","0","0","0","0","0","0","0","Not Parked","1","0","0","0"
frc4467,2025,2025tnkn,2025tnkn_qm8,8,4/4/2025 1:53:00 PM,red,frc4065,"20","10","2","32","3","2","5","0","0","0","4","1","Processor Side","1","2","0","0","1","0","0","2","0","0","0","0","0","1","2","0","0","17","13","Parked","0","0","0","0"
frc4467,2025,2025tnkn,2025tnkn_qm8,8,4/4/2025 1:53:00 PM,blue,frc10137,"3","0","0","3","0","0","0","0","0","0","150","1","Cage Side","1","0","0","0","0","0","0","0","0","0","0","0","0","0","0","0","0","150","0","Not Parked","0","0","0","0"
frc4467,2025,2025tnkn,2025tnkn_qm9,9,4/4/2025 2:02:00 PM,red,frc1466,"3","29","0","32","0","5","5","0","1","1","150","1","Cage Side","1","0","0","0","0","0","0","3","2","0","0","1","0","0","0","0","0","150","0","Not Parked","0","0","0","0"
frc4467,2025,2025tnkn,2025tnkn_qm9,9,4/4/2025 2:02:00 PM,red,frc5045,"3","22","0","25","0","6","6","0","0","0","0","1","Middle","1","0","0","0","0","0","0","0","5","0","1","0","0","0","0","0","0","0","0","Not Parked","0","0","0","0"
frc4467,2025,2025tnkn,2025tnkn_qm9,9,4/4/2025 2:02:00 PM,red,frc9152,"0","6","2","8","0","0","0","0","1","1","13","1","Processor Side","0","0","0","0","0","0","0","0","0","0","0","1","0","0","0","0","0","13","0","Parked","0","0","0","0"
frc4467,2025,2025tnkn,2025tnkn_qm9,9,4/4/2025 2:02:00 PM,blue,frc3324,"3","47","0","50","0","11","11","0","0","0","0","1","Cage Side","1","0","0","0","0","0","0","7","2","0","2","0","0","0","0","0","0","0","0","Not Parked","0","0","0","0"
frc4467,2025,2025tnkn,2025tnkn_qm9,9,4/4/2025 2:02:00 PM,blue,frc3843,"6","10","2","18","1","3","4","0","1","1","5","1","Middle","1","0","0","0","1","0","0","0","0","0","3","0","1","0","0","0","0","15","10","Parked","0","0","0","0"
frc4467,2025,2025tnkn,2025tnkn_qm9,9,4/4/2025 2:02:00 PM,blue,frc538,"0","0","0","0","0","0","0","0","0","0","0","1","Not There","0","0","0","0","0","0","0","0","0","0","0","0","0","0","9","0","0","0","0","Not Parked","0","0","0","0"
frc4467,2025,2025tnkn,2025tnkn_qm10,10,4/4/2025 2:10:00 PM,red,frc3966,"17","49","0","66","2","14","16","0","0","0","0","1","Processor Side","1","2","0","0","0","0","0","2","5","5","2","0","0","0","0","0","0","0","0","Not Parked","0","0","0","0"
frc4467,2025,2025tnkn,2025tnkn_qm10,10,4/4/2025 2:10:00 PM,red,frc3821,"3","0","2","5","0","0","0","0","0","0","5","1","Cage Side","1","0","0","0","0","0","0","0","0","0","0","0","0","1","4","0","0","5","0","Parked","0","0","0","0"
frc4467,2025,2025tnkn,2025tnkn_qm10,10,4/4/2025 2:10:00 PM,blue,frc5744,"3","0","2","5","0","0","0","0","0","0","116","0","Processor Side","1","0","0","0","0","0","0","0","0","0","0","0","0","0","0","0","0","116","0","Parked","1","0","0","0"
frc4467,2025,2025tnkn,2025tnkn_qm10,10,4/4/2025 2:10:00 PM,blue,frc3140,"10","10","0","20","1","2","3","0","0","0","0","1","Processor Side","1","1","0","0","0","0","0","2","0","0","0","0","0","0","0","0","0","0","0","Not Parked","0","0","0","0"
frc4467,2025,2025tnkn,2025tnkn_qm10,10,4/4/2025 2:10:00 PM,blue,frc3824,"10","12","2","24","1","0","1","0","3","3","0","1","Middle","1","1","0","0","0","0","0","0","0","0","0","0","3","0","0","0","0","0","0","Parked","0","0","0","0"
frc4467,2025,2025tnkn,2025tnkn_qm10,10,4/4/2025 2:10:00 PM,red,frc4576,"10","17","2","29","1","1","2","0","3","3","10","1","Middle","1","1","0","0","0","0","0","1","0","0","0","0","3","0","0","0","0","10","0","Parked","0","0","0","0"
frc4467,2025,2025tnkn,2025tnkn_qm11,11,4/4/2025 2:18:00 PM,red,frc7483,"3","18","2","23","0","6","6","0","0","0","11","1","Middle","1","0","0","0","0","0","0","0","2","2","2","0","0","0","0","0","0","11","0","Parked","0","0","0","0"
frc4467,2025,2025tnkn,2025tnkn_qm11,11,4/4/2025 2:18:00 PM,blue,frc2614,"3","23","2","28","0","6","6","0","0","0","0","1","Cage Side","1","0","0","0","0","0","0","2","1","3","0","0","0","0","0","0","0","0","0","Parked","0","0","0","0"
frc4467,2025,2025tnkn,2025tnkn_qm11,11,4/4/2025 2:18:00 PM,red,frc4630,"3","14","2","19","0","4","4","0","0","0","13","1","Processor Side","1","0","0","0","0","0","0","0","2","2","0","0","0","0","0","0","0","13","0","Parked","0","0","0","0"
frc4467,2025,2025tnkn,2025tnkn_qm11,11,4/4/2025 2:18:00 PM,red,frc7255,"3","8","2","13","0","3","3","0","0","0","14","1","Cage Side","1","0","0","0","0","0","0","0","0","2","1","0","0","0","0","0","0","14","0","Parked","0","0","0","0"
frc4467,2025,2025tnkn,2025tnkn_qm11,11,4/4/2025 2:18:00 PM,blue,frc3984,"3","16","2","21","0","5","5","0","0","0","8","1","Middle","1","0","0","0","0","0","0","0","2","2","1","0","0","0","0","0","0","16","8","Parked","0","0","0","0"
frc4467,2025,2025tnkn,2025tnkn_qm11,11,4/4/2025 2:18:00 PM,blue,frc233,"10","30","0","40","1","6","7","0","1","1","0","1","Processor Side","1","1","0","0","0","0","0","2","2","2","0","1","0","0","0","0","0","0","0","Not Parked","0","0","0","0"
frc4467,2025,2025tnkn,2025tnkn_qm12,12,4/4/2025 2:26:00 PM,blue,frc10479,"3","46","6","55","0","12","12","0","0","0","9","1.5","Cage Side","1","0","0","0","0","0","0","3","4","5","0","0","0","0","0","0","0","10","1","Shallow Cage","0","1","0","0"
frc4467,2025,2025tnkn,2025tnkn_qm12,12,4/4/2025 2:26:00 PM,blue,frc2856,"3","0","0","3","0","0","0","0","0","0","0","0","Processor Side","1","0","0","0","0","0","0","0","0","0","0","0","0","0","0","0","0","0","0","Not Parked","1","0","0","0"
frc4467,2025,2025tnkn,2025tnkn_qm12,12,4/4/2025 2:26:00 PM,red,frc5002,"3","2","0","5","0","1","1","0","0","0","0","0","Cage Side","1","0","0","0","0","0","0","0","0","0","1","0","0","0","0","0","0","0","0","Not Parked","1","0","0","0"
frc4467,2025,2025tnkn,2025tnkn_qm12,12,4/4/2025 2:26:00 PM,blue,frc7428,"3","30","2","35","0","4","4","0","2","2","9","1","Middle","1","0","0","0","0","0","0","2","2","0","0","2","0","0","0","0","0","9","0","Parked","0","0","0","0"
frc4467,2025,2025tnkn,2025tnkn_qm12,12,4/4/2025 2:26:00 PM,red,frc1592,"3","42","12","57","0","6","6","0","3","3","8","1","Middle","1","0","0","0","0","0","0","3","0","3","0","3","0","0","0","0","0","9","1","Deep Cage","0","0","0","0"
frc4467,2025,2025tnkn,2025tnkn_qm12,12,4/4/2025 2:26:00 PM,red,frc4020,"24","51","12","87","3","11","14","0","1","1","6","1","Processor Side","1","3","0","0","0","0","0","4","4","3","0","1","0","0","0","0","0","6","0","Deep Cage","0","0","0","0"
frc4467,2025,2025tnkn,2025tnkn_qm13,13,4/4/2025 2:34:00 PM,blue,frc21,"10","24","6","40","1","6","7","0","0","0","15","1","Cage Side","1","1","0","0","0","0","0","4","0","0","2","0","0","0","0","0","0","15","0","Shallow Cage","0","0","0","0"
frc4467,2025,2025tnkn,2025tnkn_qm13,13,4/4/2025 2:34:00 PM,blue,frc8570,"15","48","12","75","2","14","16","0","0","0","6","1","Processor Side","1","0","2","0","0","0","0","0","7","6","1","0","0","0","0","0","0","12","6","Deep Cage","0","0","0","0"
frc4467,2025,2025tnkn,2025tnkn_qm13,13,4/4/2025 2:34:00 PM,red,frc801,"17","30","2","49","2","6","8","0","1","1","0","1","Not There","1","2","0","0","0","0","0","2","3","0","1","1","0","0","0","0","0","0","0","Parked","0","0","0","0"
frc4467,2025,2025tnkn,2025tnkn_qm13,13,4/4/2025 2:34:00 PM,blue,frc10101,"3","0","0","3","0","0","0","0","0","0","150","1","Middle","1","0","0","0","0","0","0","0","0","0","0","0","0","1","6","0","0","150","0","Not Parked","0","0","0","0"
frc4467,2025,2025tnkn,2025tnkn_qm13,13,4/4/2025 2:34:00 PM,red,frc3139,"3","18","0","21","0","9","9","0","0","0","0","1","Middle","1","0","0","0","0","0","0","0","0","0","9","0","0","0","0","0","0","0","0","Not Parked","0","0","0","0"
frc4467,2025,2025tnkn,2025tnkn_qm13,13,4/4/2025 2:34:00 PM,red,frc4065,"10","30","12","52","1","0","1","0","7","7","15","1","Processor Side","1","1","0","0","0","0","0","0","0","0","0","1","6","0","0","0","0","22","7","Deep Cage","0","0","0","0"
frc4467,2025,2025tnkn,2025tnkn_qm14,14,4/4/2025 2:42:00 PM,blue,frc3504,"17","27","2","46","2","7","9","0","0","0","4","1","Processor Side","1","2","0","0","0","0","0","3","1","2","1","0","0","0","0","0","0","4","0","Parked","0","0","0","0"
frc4467,2025,2025tnkn,2025tnkn_qm14,14,4/4/2025 2:42:00 PM,red,frc9668,"3","6","2","11","0","0","0","0","1","1","150","1","Middle","1","0","0","0","0","0","0","0","0","0","0","1","0","0","0","0","0","150","0","Parked","0","0","0","0"
frc4467,2025,2025tnkn,2025tnkn_qm14,14,4/4/2025 2:42:00 PM,blue,frc1708,"3","40","2","45","0","11","11","0","0","0","0","1","Cage Side","1","0","0","0","0","0","0","4","2","2","3","0","0","0","0","0","0","0","0","Parked","0","0","0","0"
frc4467,2025,2025tnkn,2025tnkn_qm14,14,4/4/2025 2:42:00 PM,blue,frc4467,"3","15","12","30","0","4","4","0","0","0","11","1","Middle","1","0","0","0","0","0","0","1","1","2","0","0","0","0","0","0","0","14","3","Deep Cage","0","0","0","0"
frc4467,2025,2025tnkn,2025tnkn_qm14,14,4/4/2025 2:42:00 PM,red,frc7072,"17","20","12","49","2","4","6","0","0","0","7","1","Cage Side","1","2","0","0","0","0","0","4","0","0","0","0","0","0","0","0","0","8","1","Deep Cage","0","0","0","0"
frc4467,2025,2025tnkn,2025tnkn_qm14,14,4/4/2025 2:42:00 PM,red,frc4504,"0","0","0","0","0","0","0","0","0","0","0","1","Not There","0","0","0","0","0","0","0","0","0","0","0","0","0","0","0","0","0","0","0","Not Parked","0","0","0","0"
frc4467,2025,2025tnkn,2025tnkn_qm15,15,4/4/2025 2:50:00 PM,blue,frc3937,"6","60","12","78","1","13","14","0","2","2","0","1","Cage Side","1","0","0","0","1","0","0","4","5","0","4","2","0","0","0","0","0","0","0","Deep Cage","0","0","0","0"
frc4467,2025,2025tnkn,2025tnkn_qm15,15,4/4/2025 2:50:00 PM,blue,frc2393,"6","30","0","36","1","6","7","0","0","0","0","1","Processor Side","1","0","0","0","1","0","0","6","0","0","0","0","0","0","0","0","0","0","0","Not Parked","0","0","0","0"
frc4467,2025,2025tnkn,2025tnkn_qm15,15,4/4/2025 2:50:00 PM,red,frc6517,"17","40","6","63","2","10","12","0","0","0","14","1","Processor Side","1","2","0","0","0","0","0","4","4","0","2","0","0","0","0","0","0","17","3","Shallow Cage","0","0","0","0"
frc4467,2025,2025tnkn,2025tnkn_qm15,15,4/4/2025 2:50:00 PM,red,frc1014,"6","12","6","24","1","0","1","0","2","2","4","1","Middle","1","0","0","0","1","0","0","0","0","0","0","2","0","0","0","0","0","15","11","Shallow Cage","0","0","0","0"
frc4467,2025,2025tnkn,2025tnkn_qm15,15,4/4/2025 2:50:00 PM,blue,frc4306,"0","0","2","2","0","0","0","0","0","0","150","1","Cage Side","0","0","0","0","0","0","0","0","0","0","0","0","0","0","0","0","0","150","0","Parked","0","0","0","0"
frc4467,2025,2025tnkn,2025tnkn_qm15,15,4/4/2025 2:50:00 PM,red,frc3492,"7","30","2","39","1","10","11","0","0","0","6","1","Cage Side","1","0","0","1","0","0","0","0","3","4","3","0","0","0","0","0","0","6","0","Parked","0","0","0","0"
frc4467,2025,2025tnkn,2025tnkn_qm16,16,4/4/2025 2:58:00 PM,blue,frc4630,"3","2","2","7","0","1","1","0","0","0","4","1","Cage Side","1","0","0","0","0","0","0","0","0","0","1","0","0","0","0","0","0","7","3","Parked","0","0","0","0"
frc4467,2025,2025tnkn,2025tnkn_qm16,16,4/4/2025 2:58:00 PM,red,frc5847,"17","30","2","49","2","9","11","0","0","0","3","1","Cage Side","1","2","0","0","0","0","0","3","1","1","4","0","0","0","0","0","0","3","0","Parked","0","0","0","0"
frc4467,2025,2025tnkn,2025tnkn_qm16,16,4/4/2025 2:58:00 PM,red,frc4265,"13","36","12","61","2","9","11","0","0","0","8","1","Processor Side","1","1","0","0","1","0","0","3","3","3","0","0","0","0","0","0","0","19","11","Deep Cage","0","0","0","0"
frc4467,2025,2025tnkn,2025tnkn_qm16,16,4/4/2025 2:58:00 PM,blue,frc10269,"3","0","0","3","0","0","0","0","0","0","0","1","Middle","1","0","0","0","0","0","0","0","0","0","0","0","0","0","0","0","0","0","0","Not Parked","0","0","0","0"
frc4467,2025,2025tnkn,2025tnkn_qm16,16,4/4/2025 2:58:00 PM,blue,frc10137,"3","0","0","3","0","0","0","0","0","0","0","1","Cage Side","1","0","0","0","0","0","0","0","0","0","0","0","0","0","0","0","0","0","0","Not Parked","0","0","0","0"
frc4467,2025,2025tnkn,2025tnkn_qm16,16,4/4/2025 2:58:00 PM,red,frc3324,"9","21","2","32","1","5","6","0","0","0","0","1","Cage Side","1","0","1","0","0","0","0","2","2","1","0","0","0","0","0","0","0","0","0","Parked","0","0","0","0"
frc4467,2025,2025tnkn,2025tnkn_qm17,17,4/4/2025 3:06:00 PM,red,frc3966,"17","40","0","57","3","11","14","0","0","0","150","1","Processor Side","0","2","0","0","1","0","0","2","4","4","1","0","0","0","0","0","0","150","0","Not Parked","0","0","0","0"
frc4467,2025,2025tnkn,2025tnkn_qm17,17,4/4/2025 3:06:00 PM,blue,frc4576,"10","13","0","23","1","1","2","0","2","2","0","1","Middle","1","1","0","0","0","0","0","1","0","0","0","0","2","0","0","0","0","0","0","Not Parked","0","0","0","0"
frc4467,2025,2025tnkn,2025tnkn_qm17,17,4/4/2025 3:06:00 PM,blue,frc7255,"3","21","0","24","0","6","6","0","0","0","150","1","Cage Side","1","0","0","0","0","0","0","0","3","3","0","0","0","0","0","0","0","150","0","Not Parked","0","0","0","0"
frc4467,2025,2025tnkn,2025tnkn_qm17,17,4/4/2025 3:06:00 PM,red,frc2614,"17","15","12","44","2","4","6","0","0","0","5","1","Cage Side","1","2","0","0","0","0","0","1","1","2","0","0","0","0","0","0","0","9","4","Deep Cage","0","0","0","0"
frc4467,2025,2025tnkn,2025tnkn_qm17,17,4/4/2025 3:06:00 PM,blue,frc5002,"10","10","0","20","1","2","3","0","0","0","150","0","Processor Side","1","1","0","0","0","0","0","2","0","0","0","0","0","0","0","0","0","150","0","Not Parked","1","0","0","0"
frc4467,2025,2025tnkn,2025tnkn_qm17,17,4/4/2025 3:06:00 PM,red,frc7483,"3","13","2","18","0","3","3","0","1","1","22","0.5","Middle","1","0","0","0","0","0","0","0","0","3","0","0","1","0","0","0","0","22","0","Parked","1","1","0","0"
frc4467,2025,2025tnkn,2025tnkn_qm18,18,4/4/2025 3:14:00 PM,red,frc10479,"10","40","2","52","1","8","9","0","0","0","150","1","Processor Side","1","1","0","0","0","0","0","8","0","0","0","0","0","0","0","0","0","150","0","Parked","0","0","0","0"
frc4467,2025,2025tnkn,2025tnkn_qm18,18,4/4/2025 3:14:00 PM,blue,frc10101,"0","0","12","12","0","0","0","0","0","0","19","1","Processor Side","0","0","0","0","0","0","0","0","0","0","0","0","0","1","4","0","0","19","0","Deep Cage","0","0","0","0"
frc4467,2025,2025tnkn,2025tnkn_qm18,18,4/4/2025 3:14:00 PM,red,frc3139,"3","2","2","7","0","1","1","0","0","0","4","1","Cage Side","1","0","0","0","0","0","0","0","0","0","1","0","0","0","0","0","0","8","4","Parked","0","0","0","0"
frc4467,2025,2025tnkn,2025tnkn_qm18,18,4/4/2025 3:14:00 PM,blue,frc5816,"6","10","2","18","1","4","5","0","0","0","19","1","Cage Side","1","0","0","0","1","0","0","0","0","2","2","0","0","0","0","0","0","19","0","Parked","0","0","0","0"
frc4467,2025,2025tnkn,2025tnkn_qm18,18,4/4/2025 3:14:00 PM,red,frc5744,"3","0","2","5","0","0","0","0","0","0","0","1","Middle","1","0","0","0","0","0","0","0","0","0","0","0","0","1","3","0","0","0","0","Parked","0","0","0","0"
frc4467,2025,2025tnkn,2025tnkn_qm18,18,4/4/2025 3:14:00 PM,blue,frc3843,"0","18","2","20","0","1","1","0","4","4","149","1","Middle","0","0","0","0","0","0","0","0","0","0","1","0","4","0","0","0","0","149","0","Parked","0","0","0","0"
frc4467,2025,2025tnkn,2025tnkn_qm19,19,4/4/2025 3:22:00 PM,red,frc2856,"3","0","2","5","0","0","0","0","0","0","150","1","Cage Side","1","0","0","0","0","0","0","0","0","0","0","0","0","1","4","0","0","150","0","Parked","0","0","0","0"
frc4467,2025,2025tnkn,2025tnkn_qm19,19,4/4/2025 3:22:00 PM,blue,frc8570,"11","34","12","57","2","11","13","0","0","0","7","1","Cage Side","1","0","0","2","0","0","0","0","4","4","3","0","0","0","0","0","0","11","4","Deep Cage","0","0","0","0"
frc4467,2025,2025tnkn,2025tnkn_qm19,19,4/4/2025 3:22:00 PM,blue,frc9152,"3","42","12","57","0","14","14","0","0","0","14","1","Middle","1","0","0","0","0","0","0","0","5","4","5","0","0","0","0","0","0","20","6","Deep Cage","0","0","0","0"
frc4467,2025,2025tnkn,2025tnkn_qm19,19,4/4/2025 3:22:00 PM,blue,frc3504,"17","23","2","42","2","5","7","0","0","0","5","1","Processor Side","1","2","0","0","0","0","0","3","2","0","0","0","0","0","0","0","0","10","5","Parked","0","0","0","0"
frc4467,2025,2025tnkn,2025tnkn_qm19,19,4/4/2025 3:22:00 PM,red,frc21,"3","22","2","27","0","5","5","0","0","0","24","1","Processor Side","1","0","0","0","0","0","0","4","0","0","1","0","0","0","0","0","0","24","0","Parked","0","0","0","0"
frc4467,2025,2025tnkn,2025tnkn_qm19,19,4/4/2025 3:22:00 PM,red,frc5045,"3","2","2","7","0","1","1","0","0","0","5","1","Middle","1","0","0","0","0","0","0","0","0","0","1","0","0","0","0","0","0","10","5","Parked","0","0","0","0"
frc4467,2025,2025tnkn,2025tnkn_qm20,20,4/4/2025 3:30:00 PM,red,frc2393,"10","21","2","33","1","5","6","0","0","0","6","1","Cage Side","1","1","0","0","0","0","0","1","4","0","0","0","0","0","0","0","0","6","0","Parked","0","0","0","0"
frc4467,2025,2025tnkn,2025tnkn_qm20,20,4/4/2025 3:30:00 PM,blue,frc1466,"0","22","2","24","0","3","3","0","2","2","150","1","Cage Side","0","0","0","0","0","0","0","2","1","0","0","0","2","0","0","0","0","150","0","Parked","0","0","0","0"
frc4467,2025,2025tnkn,2025tnkn_qm20,20,4/4/2025 3:30:00 PM,red,frc233,"10","44","2","56","1","10","11","0","0","0","150","1","Processor Side","1","1","0","0","0","0","0","5","4","1","0","0","0","0","0","0","0","150","0","Parked","0","0","0","0"
frc4467,2025,2025tnkn,2025tnkn_qm20,20,4/4/2025 3:30:00 PM,blue,frc3140,"3","0","2","5","0","0","0","0","0","0","0","1","Middle","1","0","0","0","0","0","0","0","0","0","0","0","0","1","2","1","0","0","0","Parked","0","0","0","0"
frc4467,2025,2025tnkn,2025tnkn_qm20,20,4/4/2025 3:30:00 PM,red,frc4065,"10","28","12","50","1","0","1","0","7","7","6","1","Processor Side","1","1","0","0","0","0","0","0","0","0","0","0","7","0","0","0","0","8","2","Deep Cage","0","0","0","0"
frc4467,2025,2025tnkn,2025tnkn_qm20,20,4/4/2025 3:30:00 PM,blue,frc3937,"3","63","12","78","0","15","15","0","0","0","4","1","Processor Side","1","0","0","0","0","0","0","9","3","0","3","0","0","0","0","0","0","6","2","Deep Cage","0","0","0","0"
frc4467,2025,2025tnkn,2025tnkn_qm21,21,4/4/2025 3:38:00 PM,blue,frc6517,"17","35","12","64","2","9","11","0","0","0","12","1","Cage Side","1","2","0","0","0","0","0","2","4","3","0","0","0","0","0","0","0","21","9","Deep Cage","0","0","0","0"
frc4467,2025,2025tnkn,2025tnkn_qm21,21,4/4/2025 3:38:00 PM,red,frc538,"3","4","2","9","0","0","0","0","1","1","45","1","Cage Side","1","0","0","0","0","0","0","0","0","0","0","0","1","0","0","0","0","45","0","Parked","0","0","0","0"
frc4467,2025,2025tnkn,2025tnkn_qm21,21,4/4/2025 3:38:00 PM,blue,frc5847,"10","66","2","78","1","13","14","0","2","2","0","1","Middle","1","1","0","0","0","0","0","5","5","3","0","2","0","0","0","0","0","0","0","Parked","0","0","0","0"
frc4467,2025,2025tnkn,2025tnkn_qm21,21,4/4/2025 3:38:00 PM,blue,frc801,"3","25","12","40","0","6","6","0","0","0","10","1","Processor Side","1","0","0","0","0","0","0","3","1","2","0","0","0","0","0","0","0","21","11","Deep Cage","0","0","0","0"
frc4467,2025,2025tnkn,2025tnkn_qm21,21,4/4/2025 3:38:00 PM,red,frc3492,"7","36","2","45","1","9","10","0","1","1","4","1","Processor Side","1","0","0","1","0","0","0","0","4","4","1","1","0","0","0","0","0","4","0","Parked","0","0","0","0"
frc4467,2025,2025tnkn,2025tnkn_qm21,21,4/4/2025 3:38:00 PM,red,frc1592,"3","43","2","48","0","5","5","0","3","3","7","1","Middle","1","0","0","0","0","0","0","5","0","0","0","3","0","0","0","0","0","7","0","Parked","0","0","0","0"
frc4467,2025,2025tnkn,2025tnkn_qm22,22,4/4/2025 3:46:00 PM,red,frc3984,"0","0","0","0","0","0","0","0","0","0","150","1","Cage Side","0","0","0","0","0","0","0","0","0","0","0","0","0","0","0","0","0","150","0","Not Parked","0","0","0","0"
frc4467,2025,2025tnkn,2025tnkn_qm22,22,4/4/2025 3:46:00 PM,red,frc4265,"3","45","0","48","0","9","9","0","1","1","6","1","Processor Side","1","0","0","0","0","0","0","5","4","0","0","0","1","0","0","0","0","8","2","Not Parked","0","0","0","0"
frc4467,2025,2025tnkn,2025tnkn_qm22,22,4/4/2025 3:46:00 PM,blue,frc9668,"3","6","2","11","0","0","0","0","1","1","12","1","Middle","1","0","0","0","0","0","0","0","0","0","0","1","0","0","0","0","0","12","0","Parked","0","0","0","0"
frc4467,2025,2025tnkn,2025tnkn_qm22,22,4/4/2025 3:46:00 PM,red,frc1014,"3","8","12","23","0","0","0","0","2","2","18","1","Middle","1","0","0","0","0","0","0","0","0","0","0","0","2","0","0","0","0","29","11","Deep Cage","0","0","0","0"
frc4467,2025,2025tnkn,2025tnkn_qm22,22,4/4/2025 3:46:00 PM,blue,frc1708,"3","48","0","51","0","11","11","0","0","0","0","1","Cage Side","1","0","0","0","0","0","0","6","4","0","1","0","0","0","0","0","0","0","0","Not Parked","0","0","0","0"
frc4467,2025,2025tnkn,2025tnkn_qm22,22,4/4/2025 3:46:00 PM,blue,frc3821,"3","6","2","11","0","3","3","0","0","0","4","1","Processor Side","1","0","0","0","0","0","0","0","0","0","3","0","0","1","5","0","0","4","0","Parked","0","0","0","0"
frc4467,2025,2025tnkn,2025tnkn_qm23,23,4/4/2025 5:00:00 PM,blue,frc7428,"10","37","12","59","1","8","9","0","0","0","21","1","Middle","1","1","0","0","0","0","0","5","3","0","0","0","0","0","0","0","0","26","5","Deep Cage","0","0","0","0"
frc4467,2025,2025tnkn,2025tnkn_qm23,23,4/4/2025 5:00:00 PM,blue,frc4504,"0","0","0","0","0","0","0","0","0","0","0","1","Cage Side","0","0","0","0","0","0","0","0","0","0","0","0","0","0","0","0","0","0","0","Not Parked","0","0","0","0"
frc4467,2025,2025tnkn,2025tnkn_qm23,23,4/4/2025 5:00:00 PM,red,frc4467,"10","49","12","71","1","12","13","0","0","0","11","1","Cage Side","1","1","0","0","0","0","0","4","5","3","0","0","0","0","0","0","0","13","2","Deep Cage","0","0","0","0"
frc4467,2025,2025tnkn,2025tnkn_qm23,23,4/4/2025 5:00:00 PM,blue,frc4306,"0","0","2","2","0","0","0","0","0","0","0","0","Not There","0","0","0","0","0","0","0","0","0","0","0","0","0","0","0","0","0","0","0","Parked","1","0","0","0"
frc4467,2025,2025tnkn,2025tnkn_qm23,23,4/4/2025 5:00:00 PM,red,frc3824,"6","26","12","44","1","1","2","0","6","6","6","1","Middle","1","0","0","0","1","0","0","0","0","0","1","0","6","0","0","0","0","15","9","Deep Cage","0","0","0","0"
frc4467,2025,2025tnkn,2025tnkn_qm23,23,4/4/2025 5:00:00 PM,red,frc10137,"3","0","2","5","0","0","0","0","0","0","14","1","Processor Side","1","0","0","0","0","0","0","0","0","0","0","0","0","1","4","0","0","14","0","Parked","0","0","0","0"
frc4467,2025,2025tnkn,2025tnkn_qm24,24,4/4/2025 5:08:00 PM,red,frc5744,"3","0","2","5","0","0","0","0","0","0","44","1","Processor Side","1","0","0","0","0","0","0","0","0","0","0","0","0","0","0","0","0","44","0","Parked","0","0","0","0"
frc4467,2025,2025tnkn,2025tnkn_qm24,24,4/4/2025 5:08:00 PM,blue,frc8570,"12","36","2","50","2","8","10","0","1","1","20","1","Processor Side","0","0","2","0","0","0","0","0","6","2","0","1","0","0","0","0","0","20","0","Parked","0","0","0","0"
frc4467,2025,2025tnkn,2025tnkn_qm24,24,4/4/2025 5:08:00 PM,red,frc4020,"21","53","12","86","3","12","15","0","2","2","10","1","Cage Side","0","3","0","0","0","0","0","2","5","5","0","0","2","0","0","0","0","10","0","Deep Cage","0","0","0","0"
frc4467,2025,2025tnkn,2025tnkn_qm24,24,4/4/2025 5:08:00 PM,red,frc10269,"3","0","0","3","0","0","0","0","0","0","0","1","Middle","1","0","0","0","0","0","0","0","0","0","0","0","0","0","0","0","0","0","0","Not Parked","0","0","0","0"
frc4467,2025,2025tnkn,2025tnkn_qm24,24,4/4/2025 5:08:00 PM,blue,frc4630,"3","0","0","3","0","0","0","0","0","0","2","1","Middle","1","0","0","0","0","0","0","0","0","0","0","0","0","1","4","0","0","5","3","Not Parked","0","0","0","0"
frc4467,2025,2025tnkn,2025tnkn_qm24,24,4/4/2025 5:08:00 PM,blue,frc7072,"21","40","12","73","3","8","11","0","0","0","-3","1","Cage Side","0","3","0","0","0","0","0","8","0","0","0","0","0","0","0","0","0","143","146","Deep Cage","0","0","0","0"
frc4467,2025,2025tnkn,2025tnkn_qm25,25,4/4/2025 5:16:00 PM,blue,frc3324,"10","20","0","30","1","6","7","0","0","0","0","1","Cage Side","1","1","0","0","0","0","0","1","2","1","2","0","0","0","0","0","0","0","0","Not Parked","0","0","0","0"
frc4467,2025,2025tnkn,2025tnkn_qm25,25,4/4/2025 5:16:00 PM,red,frc2856,"0","0","0","0","0","0","0","0","0","0","0","0","Cage Side","0","0","0","0","0","0","0","0","0","0","0","0","0","0","0","0","0","0","0","Not Parked","1","0","0","0"
frc4467,2025,2025tnkn,2025tnkn_qm25,25,4/4/2025 5:16:00 PM,blue,frc233,"13","32","12","57","2","8","10","0","0","0","6","1","Processor Side","1","1","0","0","1","0","0","2","4","2","0","0","0","0","0","0","0","6","0","Deep Cage","0","0","0","0"
frc4467,2025,2025tnkn,2025tnkn_qm25,25,4/4/2025 5:16:00 PM,red,frc10101,"3","15","12","30","0","3","3","0","0","0","13","1","Middle","1","0","0","0","0","0","0","3","0","0","0","0","0","0","0","0","0","33","20","Deep Cage","0","0","0","0"
frc4467,2025,2025tnkn,2025tnkn_qm25,25,4/4/2025 5:16:00 PM,red,frc4065,"17","37","12","66","2","8","10","0","0","0","11","1","Processor Side","1","2","0","0","0","0","0","7","0","0","1","0","0","0","0","0","0","16","5","Deep Cage","0","0","0","0"
frc4467,2025,2025tnkn,2025tnkn_qm25,25,4/4/2025 5:16:00 PM,blue,frc7483,"3","0","6","9","0","0","0","0","0","0","10","1","Middle","1","0","0","0","0","0","0","0","0","0","0","0","0","0","0","0","0","49","39","Shallow Cage","0","0","0","0"
frc4467,2025,2025tnkn,2025tnkn_qm26,26,4/4/2025 5:24:00 PM,blue,frc5847,"0","55","0","55","0","13","13","0","0","0","0","1","Processor Side","0","0","0","0","0","0","0","6","4","3","0","0","0","0","0","0","0","0","0","Not Parked","0","0","0","0"
frc4467,2025,2025tnkn,2025tnkn_qm26,26,4/4/2025 5:24:00 PM,blue,frc21,"10","24","6","40","1","6","7","0","0","0","18","1","Cage Side","1","1","0","0","0","0","0","4","0","0","2","0","0","0","0","0","0","18","0","Shallow Cage","0","0","0","0"
frc4467,2025,2025tnkn,2025tnkn_qm26,26,4/4/2025 5:24:00 PM,red,frc3966,"14","40","2","56","2","10","12","0","0","0","3","1","Cage Side","0","2","0","0","0","0","0","3","4","3","0","0","0","0","0","0","0","3","0","Parked","0","0","0","0"
frc4467,2025,2025tnkn,2025tnkn_qm26,26,4/4/2025 5:24:00 PM,blue,frc1592,"6","41","12","59","1","6","7","0","3","3","6","0.5","Middle","1","0","0","0","1","0","0","1","3","2","0","3","0","0","0","0","0","6","0","Deep Cage","1","1","0","0"
frc4467,2025,2025tnkn,2025tnkn_qm26,26,4/4/2025 5:24:00 PM,red,frc7255,"3","18","2","23","0","5","5","0","0","0","5","1","Middle","1","0","0","0","0","0","0","0","3","2","0","0","0","0","0","0","0","6","1","Parked","0","0","0","0"
frc4467,2025,2025tnkn,2025tnkn_qm26,26,4/4/2025 5:24:00 PM,red,frc3140,"3","28","2","33","0","6","6","0","1","1","0","1","Cage Side","1","0","0","0","0","0","0","2","2","0","2","1","0","0","0","0","0","0","0","Parked","0","0","0","0"
frc4467,2025,2025tnkn,2025tnkn_qm27,27,4/4/2025 5:32:00 PM,red,frc10479,"14","30","12","56","2","8","10","0","0","0","10","1","Cage Side","0","2","0","0","0","0","0","2","2","4","0","0","0","0","0","0","0","10","0","Deep Cage","0","0","0","0"
frc4467,2025,2025tnkn,2025tnkn_qm27,27,4/4/2025 5:32:00 PM,red,frc2393,"10","46","0","56","1","11","12","0","0","0","150","1","Processor Side","1","1","0","0","0","0","0","5","3","3","0","0","0","0","0","0","0","150","0","Not Parked","0","0","0","0"
frc4467,2025,2025tnkn,2025tnkn_qm27,27,4/4/2025 5:32:00 PM,red,frc1014,"10","8","12","30","1","0","1","0","2","2","26","1","Middle","1","1","0","0","0","0","0","0","0","0","0","0","2","1","5","0","0","30","4","Deep Cage","0","0","0","0"
frc4467,2025,2025tnkn,2025tnkn_qm27,27,4/4/2025 5:32:00 PM,blue,frc3984,"7","20","0","27","1","4","5","0","0","0","0","1","Cage Side","0","1","0","0","0","0","0","4","0","0","0","0","0","0","0","0","0","0","0","Not Parked","0","0","0","0"
frc4467,2025,2025tnkn,2025tnkn_qm27,27,4/4/2025 5:32:00 PM,blue,frc538,"3","24","12","39","0","0","0","0","4","4","30","1","Processor Side","1","0","0","0","0","0","0","0","0","0","0","4","0","0","0","0","0","33","3","Deep Cage","0","0","0","0"
frc4467,2025,2025tnkn,2025tnkn_qm27,27,4/4/2025 5:32:00 PM,blue,frc5045,"3","22","12","37","0","6","6","0","0","0","7","1","Middle","1","0","0","0","0","0","0","0","5","0","1","0","0","0","0","0","0","11","4","Deep Cage","0","0","0","0"
frc4467,2025,2025tnkn,2025tnkn_qm28,28,4/4/2025 5:40:00 PM,red,frc3843,"0","16","12","28","0","0","0","0","3","3","37","1","Cage Side","0","0","0","0","0","0","0","0","0","0","0","2","1","0","0","0","0","37","0","Deep Cage","0","0","0","0"
frc4467,2025,2025tnkn,2025tnkn_qm28,28,4/4/2025 5:40:00 PM,blue,frc3937,"10","42","12","64","1","6","7","0","2","2","15","1","Processor Side","1","1","0","0","0","0","0","6","0","0","0","2","0","0","0","0","0","20","5","Deep Cage","0","0","0","0"
frc4467,2025,2025tnkn,2025tnkn_qm28,28,4/4/2025 5:40:00 PM,red,frc7428,"0","31","12","43","0","10","10","0","0","0","0","1","Middle","0","0","0","0","0","0","0","0","5","1","4","0","0","0","0","0","0","0","0","Deep Cage","0","0","0","0"
frc4467,2025,2025tnkn,2025tnkn_qm28,28,4/4/2025 5:40:00 PM,red,frc4467,"17","58","0","75","2","13","15","0","0","0","150","1","Cage Side","1","2","0","0","0","0","0","8","3","2","0","0","0","0","0","0","0","150","0","Not Parked","0","0","0","0"
frc4467,2025,2025tnkn,2025tnkn_qm28,28,4/4/2025 5:40:00 PM,blue,frc4576,"3","15","0","18","0","4","4","0","1","1","150","1","Middle","1","0","0","0","0","0","0","1","0","0","3","0","1","0","0","0","0","150","0","Not Parked","0","0","0","0"
frc4467,2025,2025tnkn,2025tnkn_qm28,28,4/4/2025 5:40:00 PM,blue,frc3139,"0","22","2","24","0","11","11","0","0","0","5","1","Cage Side","0","0","0","0","0","0","0","0","0","0","11","0","0","0","0","0","0","5","0","Parked","0","0","0","0"
frc4467,2025,2025tnkn,2025tnkn_qm29,29,4/4/2025 5:48:00 PM,red,frc1466,"3","17","2","22","0","1","1","0","2","2","9","1","Middle","1","0","0","0","0","0","0","1","0","0","0","2","0","0","0","0","0","9","0","Parked","0","0","0","0"
frc4467,2025,2025tnkn,2025tnkn_qm29,29,4/4/2025 5:48:00 PM,blue,frc10269,"3","0","0","3","0","0","0","0","0","0","0","1","Processor Side","1","0","0","0","0","0","0","0","0","0","0","0","0","1","5","0","0","0","0","Not Parked","0","0","0","0"
frc4467,2025,2025tnkn,2025tnkn_qm29,29,4/4/2025 5:48:00 PM,red,frc6517,"3","23","12","38","0","6","6","0","0","0","15","1","Processor Side","1","0","0","0","0","0","0","1","3","2","0","0","0","0","0","0","0","15","0","Deep Cage","0","0","0","0"
frc4467,2025,2025tnkn,2025tnkn_qm29,29,4/4/2025 5:48:00 PM,red,frc3504,"17","27","2","46","2","7","9","0","0","0","4","1","Cage Side","1","2","0","0","0","0","0","2","3","1","1","0","0","0","0","0","0","4","0","Parked","0","0","0","0"
frc4467,2025,2025tnkn,2025tnkn_qm29,29,4/4/2025 5:48:00 PM,blue,frc4265,"7","26","12","45","1","6","7","0","0","0","5","1","Cage Side","0","1","0","0","0","0","0","4","1","0","1","0","0","0","0","0","0","5","0","Deep Cage","0","0","0","0"
frc4467,2025,2025tnkn,2025tnkn_qm29,29,4/4/2025 5:48:00 PM,blue,frc1708,"3","33","12","48","0","8","8","0","0","0","5","1","Middle","1","0","0","0","0","0","0","3","3","2","0","0","0","0","0","0","0","5","0","Deep Cage","0","0","0","0"
frc4467,2025,2025tnkn,2025tnkn_qm30,30,4/4/2025 5:56:00 PM,red,frc4020,"24","38","0","62","3","6","9","0","3","3","0","1","Processor Side","1","3","0","0","0","0","0","2","4","0","0","0","3","0","0","0","0","0","0","Not Parked","0","0","0","0"
frc4467,2025,2025tnkn,2025tnkn_qm30,30,4/4/2025 5:56:00 PM,red,frc5816,"10","8","2","20","1","4","5","0","0","0","10","1","Middle","1","1","0","0","0","0","0","0","0","0","4","0","0","0","0","0","0","10","0","Parked","0","0","0","0"
frc4467,2025,2025tnkn,2025tnkn_qm30,30,4/4/2025 5:56:00 PM,blue,frc9668,"3","17","2","22","0","2","2","0","2","2","6","1","Middle","1","0","0","0","0","0","0","0","0","1","1","2","0","0","0","0","0","6","0","Parked","0","0","0","0"
frc4467,2025,2025tnkn,2025tnkn_qm30,30,4/4/2025 5:56:00 PM,blue,frc3824,"3","4","2","9","0","0","0","0","1","1","-12","1","Processor Side","1","0","0","0","0","0","0","0","0","0","0","0","1","0","0","0","0","138","150","Parked","0","0","0","0"
frc4467,2025,2025tnkn,2025tnkn_qm30,30,4/4/2025 5:56:00 PM,red,frc2614,"10","18","2","30","1","5","6","0","0","0","6","1","Processor Side","1","1","0","0","0","0","0","0","3","2","0","0","0","0","0","0","0","6","0","Parked","0","0","0","0"
frc4467,2025,2025tnkn,2025tnkn_qm30,30,4/4/2025 5:56:00 PM,blue,frc3492,"3","25","0","28","0","8","8","0","0","0","0","1","Cage Side","1","0","0","0","0","0","0","0","3","3","2","0","0","0","0","0","0","0","0","Not Parked","0","0","0","0"
frc4467,2025,2025tnkn,2025tnkn_qm31,31,4/4/2025 6:04:00 PM,red,frc10137,"3","6","2","11","0","0","0","0","1","1","150","1","Processor Side","1","0","0","0","0","0","0","0","0","0","0","1","0","0","0","0","0","150","0","Parked","0","0","0","0"
frc4467,2025,2025tnkn,2025tnkn_qm31,31,4/4/2025 6:04:00 PM,blue,frc801,"3","17","0","20","0","4","4","0","0","0","0","1","Not There","1","0","0","0","0","0","0","1","3","0","0","0","0","0","0","0","0","0","0","Not Parked","0","0","0","0"
frc4467,2025,2025tnkn,2025tnkn_qm31,31,4/4/2025 6:04:00 PM,red,frc4306,"3","0","2","5","0","0","0","0","0","0","45","1","Processor Side","1","0","0","0","0","0","0","0","0","0","0","0","0","1","2","0","0","45","0","Parked","0","0","0","0"
frc4467,2025,2025tnkn,2025tnkn_qm31,31,4/4/2025 6:04:00 PM,blue,frc3821,"3","4","2","9","0","2","2","0","0","0","0","1","Middle","1","0","0","0","0","0","0","0","0","0","2","0","0","0","0","0","0","0","0","Parked","0","0","0","0"
frc4467,2025,2025tnkn,2025tnkn_qm31,31,4/4/2025 6:04:00 PM,red,frc9152,"0","6","2","8","0","0","0","0","1","1","29","1","Cage Side","0","0","0","0","0","0","0","0","0","0","0","1","0","0","0","0","0","29","0","Parked","0","0","0","0"
frc4467,2025,2025tnkn,2025tnkn_qm31,31,4/4/2025 6:04:00 PM,blue,frc7072,"21","17","2","40","3","4","7","0","0","0","0","1","Processor Side","0","3","0","0","0","0","0","1","3","0","0","0","0","0","0","0","0","0","0","Parked","0","0","0","0"
frc4467,2025,2025tnkn,2025tnkn_qm32,32,4/4/2025 6:12:00 PM,red,frc5002,"3","24","2","29","0","7","7","0","0","0","10","1","Processor Side","1","0","0","0","0","0","0","0","3","4","0","0","0","0","0","0","0","10","0","Parked","0","0","0","0"
frc4467,2025,2025tnkn,2025tnkn_qm32,32,4/4/2025 6:12:00 PM,blue,frc4504,"0","4","2","6","0","2","2","0","0","0","0","1","Cage Side","0","0","0","0","0","0","0","0","0","0","2","0","0","1","4","0","0","0","0","Parked","0","0","0","0"
frc4467,2025,2025tnkn,2025tnkn_qm32,32,4/4/2025 6:12:00 PM,red,frc10101,"3","11","12","26","0","3","3","0","0","0","0","1","Middle","1","0","0","0","0","0","0","1","0","2","0","0","0","0","0","0","0","0","0","Deep Cage","0","0","0","0"
frc4467,2025,2025tnkn,2025tnkn_qm32,32,4/4/2025 6:12:00 PM,blue,frc7255,"3","17","0","20","0","4","4","0","0","0","150","1","Processor Side","1","0","0","0","0","0","0","1","3","0","0","0","0","0","0","0","0","150","0","Not Parked","0","0","0","0"
frc4467,2025,2025tnkn,2025tnkn_qm32,32,4/4/2025 6:12:00 PM,blue,frc1014,"3","36","12","51","0","0","0","0","6","6","14","1","Middle","1","0","0","0","0","0","0","0","0","0","0","6","0","0","0","0","0","24","10","Deep Cage","0","0","0","0"
frc4467,2025,2025tnkn,2025tnkn_qm32,32,4/4/2025 6:12:00 PM,red,frc3140,"3","35","0","38","0","5","5","0","2","2","0","1","Cage Side","1","0","0","0","0","0","0","4","0","1","0","2","0","0","0","0","0","0","0","Not Parked","0","0","0","0"
frc4467,2025,2025tnkn,2025tnkn_qm33,33,4/4/2025 6:20:00 PM,red,frc8570,"15","53","12","80","2","15","17","0","0","0","15","1","Processor Side","1","0","2","0","0","0","0","0","9","5","1","0","0","0","0","0","0","15","0","Deep Cage","0","0","0","0"
frc4467,2025,2025tnkn,2025tnkn_qm33,33,4/4/2025 6:20:00 PM,blue,frc10479,"17","29","2","48","2","7","9","0","0","0","10","1","Cage Side","1","2","0","0","0","0","0","4","0","3","0","0","0","0","0","0","0","10","0","Parked","0","0","0","0"
frc4467,2025,2025tnkn,2025tnkn_qm33,33,4/4/2025 6:20:00 PM,blue,frc233,"17","38","12","67","2","12","14","0","0","0","10","1","Processor Side","1","2","0","0","0","0","0","1","4","3","4","0","0","0","0","0","0","13","3","Deep Cage","0","0","0","0"
frc4467,2025,2025tnkn,2025tnkn_qm33,33,4/4/2025 6:20:00 PM,red,frc3843,"0","0","0","0","0","0","0","0","0","0","0","1","Not There","0","0","0","0","0","0","0","0","0","0","0","0","0","0","0","0","0","0","0","Not Parked","0","0","0","0"
frc4467,2025,2025tnkn,2025tnkn_qm33,33,4/4/2025 6:20:00 PM,red,frc3139,"3","2","2","7","0","1","1","0","0","0","0","1","Cage Side","1","0","0","0","0","0","0","0","0","0","1","0","0","1","9","0","0","0","0","Parked","0","0","0","0"
frc4467,2025,2025tnkn,2025tnkn_qm33,33,4/4/2025 6:20:00 PM,blue,frc1592,"3","26","12","41","0","5","5","0","1","1","20","1","Middle","1","0","0","0","0","0","0","2","2","0","1","1","0","0","0","0","0","20","0","Deep Cage","0","0","0","0"
frc4467,2025,2025tnkn,2025tnkn_qm34,34,4/4/2025 6:28:00 PM,blue,frc4630,"3","0","2","5","0","0","0","0","0","0","8","1","Middle","1","0","0","0","0","0","0","0","0","0","0","0","0","1","3","1","0","17","9","Parked","0","0","0","0"
frc4467,2025,2025tnkn,2025tnkn_qm34,34,4/4/2025 6:28:00 PM,red,frc3966,"17","28","2","47","2","6","8","0","0","0","0","1","Cage Side","1","2","0","0","0","0","0","4","2","0","0","0","0","0","0","0","0","0","0","Parked","0","0","0","0"
frc4467,2025,2025tnkn,2025tnkn_qm34,34,4/4/2025 6:28:00 PM,blue,frc4265,"10","46","12","68","1","11","12","0","0","0","9","1","Processor Side","1","1","0","0","0","0","0","4","5","2","0","0","0","0","0","0","0","9","0","Deep Cage","0","0","0","0"
frc4467,2025,2025tnkn,2025tnkn_qm34,34,4/4/2025 6:28:00 PM,red,frc2393,"10","32","2","44","1","8","9","0","0","0","0","1","Processor Side","1","1","0","0","0","0","0","3","2","3","0","0","0","0","0","0","0","0","0","Parked","0","0","0","0"
frc4467,2025,2025tnkn,2025tnkn_qm34,34,4/4/2025 6:28:00 PM,blue,frc3504,"17","30","2","49","2","7","9","0","0","0","0","1","Processor Side","1","2","0","0","0","0","0","3","3","1","0","0","0","0","0","0","0","0","0","Parked","0","0","0","0"
frc4467,2025,2025tnkn,2025tnkn_qm34,34,4/4/2025 6:28:00 PM,red,frc7428,"3","23","12","38","0","6","6","0","0","0","18","1","Middle","1","0","0","0","0","0","0","1","3","2","0","0","0","0","0","0","0","18","0","Deep Cage","0","0","0","0"
frc4467,2025,2025tnkn,2025tnkn_qm35,35,4/4/2025 6:36:00 PM,blue,frc4467,"17","25","6","48","2","6","8","0","0","0","-9","1","Cage Side","1","2","0","0","0","0","0","3","2","0","1","0","0","0","0","0","0","137","146","Shallow Cage","0","0","0","0"
frc4467,2025,2025tnkn,2025tnkn_qm35,35,4/4/2025 6:36:00 PM,red,frc2614,"10","21","2","33","1","6","7","0","0","0","5","1","Cage Side","1","1","0","0","0","0","0","2","0","3","1","0","0","0","0","0","0","5","0","Parked","0","0","0","0"
frc4467,2025,2025tnkn,2025tnkn_qm35,35,4/4/2025 6:36:00 PM,red,frc3324,"10","28","0","38","1","7","8","0","0","0","150","1","Middle","1","1","0","0","0","0","0","2","4","0","1","0","0","0","0","0","0","150","0","Not Parked","0","0","0","0"
frc4467,2025,2025tnkn,2025tnkn_qm35,35,4/4/2025 6:36:00 PM,red,frc21,"13","30","12","55","2","6","8","0","0","0","14","1","Middle","1","1","0","0","1","0","0","6","0","0","0","0","0","0","0","0","0","20","6","Deep Cage","0","0","0","0"
frc4467,2025,2025tnkn,2025tnkn_qm35,35,4/4/2025 6:36:00 PM,blue,frc3492,"3","16","0","19","0","6","6","0","0","0","0","1","Middle","1","0","0","0","0","0","0","0","1","2","3","0","0","0","0","0","0","0","0","Not Parked","0","0","0","0"
frc4467,2025,2025tnkn,2025tnkn_qm35,35,4/4/2025 6:36:00 PM,blue,frc3937,"10","12","12","34","1","4","5","0","1","1","10","1","Processor Side","1","1","0","0","0","0","0","0","0","0","4","0","1","0","0","0","0","13","3","Deep Cage","0","0","0","0"
frc4467,2025,2025tnkn,2025tnkn_qm36,36,4/4/2025 6:44:00 PM,red,frc9152,"0","6","2","8","0","0","0","0","1","1","10","1","Processor Side","0","0","0","0","0","0","0","0","0","0","0","1","0","0","0","0","0","10","0","Parked","0","0","0","0"
frc4467,2025,2025tnkn,2025tnkn_qm36,36,4/4/2025 6:44:00 PM,blue,frc3824,"10","30","2","42","1","2","3","0","4","4","-19","1","Middle","1","1","0","0","0","0","0","2","0","0","0","2","2","0","2","0","0","0","19","Parked","0","0","0","0"
frc4467,2025,2025tnkn,2025tnkn_qm36,36,4/4/2025 6:44:00 PM,red,frc9668,"0","0","2","2","0","0","0","0","0","0","10","1","Processor Side","0","0","0","0","0","0","0","0","0","0","0","0","0","0","0","0","0","10","0","Parked","0","0","0","0"
frc4467,2025,2025tnkn,2025tnkn_qm36,36,4/4/2025 6:44:00 PM,red,frc7483,"3","18","2","23","0","3","3","0","1","1","0","1","Cage Side","1","0","0","0","0","0","0","2","1","0","0","0","1","0","0","0","0","0","0","Parked","0","0","0","0"
frc4467,2025,2025tnkn,2025tnkn_qm36,36,4/4/2025 6:44:00 PM,blue,frc4306,"0","0","0","0","0","0","0","0","0","0","0","1","Cage Side","0","0","0","0","0","0","0","0","0","0","0","0","0","0","0","0","0","0","0","Not Parked","0","0","0","0"
frc4467,2025,2025tnkn,2025tnkn_qm36,36,4/4/2025 6:44:00 PM,blue,frc6517,"14","48","12","74","2","11","13","0","0","0","10","1","Processor Side","0","2","0","0","0","0","0","4","7","0","0","0","0","0","0","0","0","16","6","Deep Cage","0","0","0","0"
frc4467,2025,2025tnkn,2025tnkn_qm37,37,4/4/2025 6:52:00 PM,red,frc4504,"3","0","2","5","0","0","0","0","0","0","150","1","Cage Side","1","0","0","0","0","0","0","0","0","0","0","0","0","0","0","0","0","150","0","Parked","0","0","0","0"
frc4467,2025,2025tnkn,2025tnkn_qm37,37,4/4/2025 6:52:00 PM,red,frc4576,"0","15","0","15","0","3","3","0","0","0","0","1","Middle","0","0","0","0","0","0","0","3","0","0","0","0","0","0","0","0","0","0","0","Not Parked","0","0","0","0"
frc4467,2025,2025tnkn,2025tnkn_qm37,37,4/4/2025 6:52:00 PM,blue,frc7072,"24","37","2","63","3","8","11","0","0","0","7","1","Processor Side","1","3","0","0","0","0","0","7","0","0","1","0","0","0","0","0","0","7","0","Parked","0","0","0","0"
frc4467,2025,2025tnkn,2025tnkn_qm37,37,4/4/2025 6:52:00 PM,blue,frc2856,"0","0","0","0","0","0","0","0","0","0","0","1","Not There","0","0","0","0","0","0","0","0","0","0","0","0","0","0","0","0","0","0","0","Not Parked","0","0","0","0"
frc4467,2025,2025tnkn,2025tnkn_qm37,37,4/4/2025 6:52:00 PM,red,frc538,"3","16","2","21","0","0","0","0","3","3","0","1","Cage Side","1","0","0","0","0","0","0","0","0","0","0","2","1","0","0","0","0","0","0","Parked","0","0","0","0"
frc4467,2025,2025tnkn,2025tnkn_qm37,37,4/4/2025 6:52:00 PM,blue,frc10269,"3","2","0","5","0","1","1","0","0","0","0","1","Cage Side","1","0","0","0","0","0","0","0","0","0","1","0","0","1","5","0","0","0","0","Not Parked","0","0","0","0"
frc4467,2025,2025tnkn,2025tnkn_qm38,38,4/4/2025 7:00:00 PM,blue,frc4020,"17","68","12","97","2","13","15","0","3","3","4","1","Processor Side","1","2","0","0","0","0","0","3","5","5","0","3","0","0","0","0","0","7","3","Deep Cage","0","0","0","0"
frc4467,2025,2025tnkn,2025tnkn_qm38,38,4/4/2025 7:00:00 PM,red,frc5816,"10","18","2","30","1","5","6","0","0","0","0","1","Cage Side","1","1","0","0","0","0","0","2","0","2","1","0","0","0","0","0","0","0","0","Parked","0","0","0","0"
frc4467,2025,2025tnkn,2025tnkn_qm38,38,4/4/2025 7:00:00 PM,red,frc5002,"3","27","12","42","0","6","6","0","0","0","6","1","Processor Side","1","0","0","0","0","0","0","4","1","1","0","0","0","0","0","0","0","6","0","Deep Cage","0","0","0","0"
frc4467,2025,2025tnkn,2025tnkn_qm38,38,4/4/2025 7:00:00 PM,blue,frc1466,"10","19","0","29","1","5","6","0","0","0","150","1","Cage Side","1","1","0","0","0","0","0","2","1","1","1","0","0","0","0","0","0","150","0","Not Parked","0","0","0","0"
frc4467,2025,2025tnkn,2025tnkn_qm38,38,4/4/2025 7:00:00 PM,red,frc3984,"10","12","2","24","1","4","5","0","0","0","0","1","Middle","1","1","0","0","0","0","0","0","1","2","1","0","0","0","0","0","0","0","0","Parked","0","0","0","0"
frc4467,2025,2025tnkn,2025tnkn_qm38,38,4/4/2025 7:00:00 PM,blue,frc10137,"3","0","2","5","0","0","0","0","0","0","6","1","Middle","1","0","0","0","0","0","0","0","0","0","0","0","0","1","1","0","0","6","0","Parked","0","0","0","0"
frc4467,2025,2025tnkn,2025tnkn_qm39,39,4/4/2025 7:08:00 PM,red,frc1708,"3","19","2","24","0","4","4","0","0","0","9","1","Cage Side","1","0","0","0","0","0","0","3","1","0","0","0","0","0","0","0","0","9","0","Parked","0","0","0","0"
frc4467,2025,2025tnkn,2025tnkn_qm39,39,4/4/2025 7:08:00 PM,red,frc801,"10","51","12","73","1","10","11","0","1","1","6","1","Processor Side","1","1","0","0","0","0","0","7","3","0","0","0","1","0","0","0","0","8","2","Deep Cage","0","0","0","0"
frc4467,2025,2025tnkn,2025tnkn_qm39,39,4/4/2025 7:08:00 PM,blue,frc5045,"3","0","0","3","0","0","0","0","0","0","150","1","Middle","1","0","0","0","0","0","0","0","0","0","0","0","0","1","1","0","0","150","0","Not Parked","0","0","0","0"
frc4467,2025,2025tnkn,2025tnkn_qm39,39,4/4/2025 7:08:00 PM,red,frc5744,"3","0","0","3","0","0","0","0","0","0","0","1","Middle","1","0","0","0","0","0","0","0","0","0","0","0","0","1","6","0","0","0","0","Not Parked","0","0","0","0"
frc4467,2025,2025tnkn,2025tnkn_qm39,39,4/4/2025 7:08:00 PM,blue,frc4065,"17","36","12","65","2","0","2","0","6","6","14","1","Processor Side","1","2","0","0","0","0","0","0","0","0","0","6","0","0","0","0","0","16","2","Deep Cage","0","0","0","0"
frc4467,2025,2025tnkn,2025tnkn_qm39,39,4/4/2025 7:08:00 PM,blue,frc5847,"17","50","2","69","2","11","13","0","0","0","0","1","Cage Side","1","2","0","0","0","0","0","7","3","1","0","0","0","0","0","0","0","0","0","Parked","0","0","0","0"
frc4467,2025,2025tnkn,2025tnkn_qm40,40,4/4/2025 7:16:00 PM,red,frc3821,"3","2","0","5","0","1","1","0","0","0","150","0","Processor Side","1","0","0","0","0","0","0","0","0","0","1","0","0","0","0","0","0","150","0","Not Parked","1","0","0","0"
frc4467,2025,2025tnkn,2025tnkn_qm40,40,4/4/2025 7:16:00 PM,blue,frc1592,"10","16","12","38","1","5","6","0","0","0","6","1","Middle","1","1","0","0","0","0","0","0","2","2","1","0","0","0","0","0","0","13","7","Deep Cage","0","0","0","0"
frc4467,2025,2025tnkn,2025tnkn_qm40,40,4/4/2025 7:16:00 PM,blue,frc4630,"3","0","0","3","0","0","0","0","0","0","0","0","Processor Side","1","0","0","0","0","0","0","0","0","0","0","0","0","0","0","0","0","0","0","Not Parked","1","0","0","0"
frc4467,2025,2025tnkn,2025tnkn_qm40,40,4/4/2025 7:16:00 PM,red,frc10101,"3","0","12","15","0","0","0","0","0","0","9","1","Cage Side","1","0","0","0","0","0","0","0","0","0","0","0","0","1","2","0","0","11","2","Deep Cage","0","0","0","0"
frc4467,2025,2025tnkn,2025tnkn_qm40,40,4/4/2025 7:16:00 PM,blue,frc4467,"17","19","12","48","2","5","7","0","0","0","20","1","Cage Side","1","2","0","0","0","0","0","1","2","2","0","0","0","0","0","0","0","20","0","Deep Cage","0","0","0","0"
frc4467,2025,2025tnkn,2025tnkn_qm40,40,4/4/2025 7:16:00 PM,red,frc1014,"6","7","12","25","1","2","3","0","0","0","10","1","Middle","1","0","0","0","1","0","0","1","0","0","1","0","0","0","0","0","0","12","2","Deep Cage","0","0","0","0"
frc4467,2025,2025tnkn,2025tnkn_qm41,41,4/4/2025 7:24:00 PM,red,frc3824,"6","16","12","34","1","2","3","0","2","2","20","1","Middle","1","0","0","0","1","0","0","0","0","0","2","2","0","0","0","0","0","20","0","Deep Cage","0","0","0","0"
frc4467,2025,2025tnkn,2025tnkn_qm41,41,4/4/2025 7:24:00 PM,blue,frc10479,"17","58","12","87","2","12","14","0","1","1","9","1","Processor Side","1","2","0","0","0","0","0","6","4","2","0","1","0","0","0","0","0","13","4","Deep Cage","0","0","0","0"
frc4467,2025,2025tnkn,2025tnkn_qm41,41,4/4/2025 7:24:00 PM,blue,frc3140,"3","34","2","39","0","8","8","0","0","0","4","1","Cage Side","1","0","0","0","0","0","0","4","2","2","0","0","0","0","0","0","0","8","4","Parked","0","0","0","0"
frc4467,2025,2025tnkn,2025tnkn_qm41,41,4/4/2025 7:24:00 PM,red,frc2614,"10","23","2","35","1","5","6","0","0","0","0","1","Cage Side","1","1","0","0","0","0","0","3","2","0","0","0","0","0","0","0","0","0","0","Parked","0","0","0","0"
frc4467,2025,2025tnkn,2025tnkn_qm41,41,4/4/2025 7:24:00 PM,blue,frc3843,"10","10","0","20","1","0","1","0","2","2","0","0","Middle","1","1","0","0","0","0","0","0","0","0","0","1","1","0","0","0","0","0","0","Not Parked","1","0","0","0"
frc4467,2025,2025tnkn,2025tnkn_qm41,41,4/4/2025 7:24:00 PM,red,frc3504,"17","35","2","54","2","7","9","0","0","0","0","1","Processor Side","1","2","0","0","0","0","0","7","0","0","0","0","0","0","0","0","0","0","0","Parked","0","0","0","0"
frc4467,2025,2025tnkn,2025tnkn_qm42,42,4/4/2025 7:32:00 PM,red,frc21,"10","2","12","24","1","1","2","0","0","0","16","1","Processor Side","1","1","0","0","0","0","0","0","0","0","1","0","0","0","0","0","0","16","0","Deep Cage","0","0","0","0"
frc4467,2025,2025tnkn,2025tnkn_qm42,42,4/4/2025 7:32:00 PM,red,frc7255,"3","0","0","3","0","0","0","0","0","0","0","1","Middle","1","0","0","0","0","0","0","0","0","0","0","0","0","1","4","0","0","0","0","Not Parked","0","0","0","0"
frc4467,2025,2025tnkn,2025tnkn_qm42,42,4/4/2025 7:32:00 PM,blue,frc2856,"0","0","0","0","0","0","0","0","0","0","0","1","Not There","0","0","0","0","0","0","0","0","0","0","0","0","0","0","0","0","0","0","0","Not Parked","0","0","0","0"
frc4467,2025,2025tnkn,2025tnkn_qm42,42,4/4/2025 7:32:00 PM,blue,frc4306,"3","0","2","5","0","0","0","0","0","0","7","0","Middle","1","0","0","0","0","0","0","0","0","0","0","0","0","1","1","0","0","14","7","Parked","1","0","0","0"
frc4467,2025,2025tnkn,2025tnkn_qm42,42,4/4/2025 7:32:00 PM,blue,frc538,"3","12","12","27","0","0","0","0","2","2","6","1","Cage Side","1","0","0","0","0","0","0","0","0","0","0","2","0","0","0","0","0","20","14","Deep Cage","0","0","0","0"
frc4467,2025,2025tnkn,2025tnkn_qm42,42,4/4/2025 7:32:00 PM,red,frc4265,"17","30","2","49","2","7","9","0","0","0","7","1","Cage Side","1","2","0","0","0","0","0","2","5","0","0","0","0","0","0","0","0","10","3","Parked","0","0","0","0"
frc4467,2025,2025tnkn,2025tnkn_qm43,43,4/4/2025 7:40:00 PM,red,frc4504,"3","0","0","3","0","0","0","0","0","0","0","1","Cage Side","1","0","0","0","0","0","0","0","0","0","0","0","0","0","0","0","0","0","0","Not Parked","0","0","0","0"
frc4467,2025,2025tnkn,2025tnkn_qm43,43,4/4/2025 7:40:00 PM,red,frc1466,"10","34","0","44","1","5","6","0","2","2","150","1","Processor Side","1","1","0","0","0","0","0","4","0","0","1","2","0","0","0","0","0","150","0","Not Parked","0","0","0","0"
frc4467,2025,2025tnkn,2025tnkn_qm43,43,4/4/2025 7:40:00 PM,blue,frc7483,"3","13","12","28","0","1","1","0","2","2","5","1","Middle","1","0","0","0","0","0","0","1","0","0","0","0","2","0","0","0","0","14","9","Deep Cage","0","0","0","0"
frc4467,2025,2025tnkn,2025tnkn_qm43,43,4/4/2025 7:40:00 PM,blue,frc3492,"3","33","2","38","0","10","10","0","0","0","0","1","Cage Side","1","0","0","0","0","0","0","0","4","5","1","0","0","0","0","0","0","0","0","Parked","0","0","0","0"
frc4467,2025,2025tnkn,2025tnkn_qm43,43,4/4/2025 7:40:00 PM,red,frc3139,"3","20","0","23","0","10","10","0","0","0","0","1","Cage Side","1","0","0","0","0","0","0","0","0","0","10","0","0","0","0","0","0","0","0","Not Parked","0","0","0","0"
frc4467,2025,2025tnkn,2025tnkn_qm43,43,4/4/2025 7:40:00 PM,blue,frc4020,"24","66","12","102","3","13","16","0","3","3","10","1","Processor Side","1","3","0","0","0","0","0","3","5","3","2","3","0","0","0","0","0","13","3","Deep Cage","0","0","0","0"
frc4467,2025,2025tnkn,2025tnkn_qm44,44,4/4/2025 7:48:00 PM,red,frc3966,"10","34","2","46","1","8","9","0","0","0","150","1","Cage Side","1","1","0","0","0","0","0","3","4","1","0","0","0","0","0","0","0","150","0","Parked","0","0","0","0"
frc4467,2025,2025tnkn,2025tnkn_qm44,44,4/4/2025 7:48:00 PM,red,frc5744,"3","0","2","5","0","0","0","0","0","0","0","1","Middle","1","0","0","0","0","0","0","0","0","0","0","0","0","1","2","0","0","0","0","Parked","0","0","0","0"
frc4467,2025,2025tnkn,2025tnkn_qm44,44,4/4/2025 7:48:00 PM,red,frc233,"17","54","12","83","2","12","14","0","0","0","10","1","Processor Side","1","2","0","0","0","0","0","6","6","0","0","0","0","0","0","0","0","10","0","Deep Cage","0","0","0","0"
frc4467,2025,2025tnkn,2025tnkn_qm44,44,4/4/2025 7:48:00 PM,blue,frc10137,"3","6","2","11","0","0","0","0","1","1","0","1","Middle","1","0","0","0","0","0","0","0","0","0","0","1","0","1","4","0","0","0","0","Parked","0","0","0","0"
frc4467,2025,2025tnkn,2025tnkn_qm44,44,4/4/2025 7:48:00 PM,blue,frc1708,"3","38","2","43","0","8","8","0","0","0","4","1","Cage Side","1","0","0","0","0","0","0","7","0","1","0","0","0","0","0","0","0","4","0","Parked","0","0","0","0"
frc4467,2025,2025tnkn,2025tnkn_qm44,44,4/4/2025 7:48:00 PM,blue,frc6517,"17","30","12","59","2","7","9","0","0","0","10","1","Processor Side","1","2","0","0","0","0","0","4","2","0","1","0","0","0","0","0","0","10","0","Deep Cage","0","0","0","0"
frc4467,2025,2025tnkn,2025tnkn_qm45,45,4/4/2025 7:56:00 PM,blue,frc3821,"3","2","2","7","0","1","1","0","0","0","0","1","Processor Side","1","0","0","0","0","0","0","0","0","0","1","0","0","1","4","0","0","0","0","Parked","0","0","0","0"
frc4467,2025,2025tnkn,2025tnkn_qm45,45,4/4/2025 7:56:00 PM,red,frc3937,"7","32","12","51","1","4","5","0","4","4","6","1","Processor Side","0","1","0","0","0","0","0","0","1","2","1","2","2","0","0","0","0","13","7","Deep Cage","0","0","0","0"
frc4467,2025,2025tnkn,2025tnkn_qm45,45,4/4/2025 7:56:00 PM,blue,frc5045,"3","16","2","21","0","7","7","0","0","0","5","1","Processor Side","1","0","0","0","0","0","0","0","1","0","6","0","0","0","0","0","0","5","0","Parked","0","0","0","0"
frc4467,2025,2025tnkn,2025tnkn_qm45,45,4/4/2025 7:56:00 PM,red,frc5816,"10","30","12","52","1","7","8","0","0","0","9","1","Middle","1","1","0","0","0","0","0","4","2","0","1","0","0","0","0","0","0","13","4","Deep Cage","0","0","0","0"
frc4467,2025,2025tnkn,2025tnkn_qm45,45,4/4/2025 7:56:00 PM,blue,frc7428,"6","53","0","59","1","9","10","0","2","2","0","1","Middle","1","0","0","0","1","0","0","5","4","0","0","2","0","0","0","0","0","0","0","Not Parked","0","0","0","0"
frc4467,2025,2025tnkn,2025tnkn_qm45,45,4/4/2025 7:56:00 PM,red,frc7072,"24","39","12","75","3","10","13","0","0","0","10","1","Cage Side","1","3","0","0","0","0","0","2","5","3","0","0","0","0","0","0","0","10","0","Deep Cage","0","0","0","0"
frc4467,2025,2025tnkn,2025tnkn_qm46,46,4/4/2025 8:04:00 PM,red,frc3984,"3","6","2","11","0","2","2","0","0","0","0","1","Middle","1","0","0","0","0","0","0","0","1","0","1","0","0","0","0","0","0","0","0","Parked","0","0","0","0"
frc4467,2025,2025tnkn,2025tnkn_qm46,46,4/4/2025 8:04:00 PM,blue,frc9152,"3","0","2","5","0","0","0","0","0","0","0","1","Cage Side","1","0","0","0","0","0","0","0","0","0","0","0","0","1","2","0","0","0","0","Parked","0","0","0","0"
frc4467,2025,2025tnkn,2025tnkn_qm46,46,4/4/2025 8:04:00 PM,blue,frc5002,"3","15","12","30","0","3","3","0","0","0","9","1","Middle","1","0","0","0","0","0","0","3","0","0","0","0","0","0","0","0","0","11","2","Deep Cage","0","0","0","0"
frc4467,2025,2025tnkn,2025tnkn_qm46,46,4/4/2025 8:04:00 PM,blue,frc4065,"17","58","12","87","2","8","10","0","3","3","4","1","Processor Side","1","2","0","0","0","0","0","8","0","0","0","3","0","0","0","0","0","5","1","Deep Cage","0","0","0","0"
frc4467,2025,2025tnkn,2025tnkn_qm46,46,4/4/2025 8:04:00 PM,red,frc5847,"7","53","2","62","1","11","12","0","0","0","150","1","Processor Side","0","1","0","0","0","0","0","9","2","0","0","0","0","0","0","0","0","150","0","Parked","0","0","0","0"
frc4467,2025,2025tnkn,2025tnkn_qm46,46,4/4/2025 8:04:00 PM,red,frc10269,"3","0","2","5","0","0","0","0","0","0","4","1","Cage Side","1","0","0","0","0","0","0","0","0","0","0","0","0","1","1","0","0","4","0","Parked","0","0","0","0"
frc4467,2025,2025tnkn,2025tnkn_qm47,47,4/4/2025 8:12:00 PM,blue,frc2393,"3","15","0","18","0","4","4","0","0","0","0","1","Processor Side","1","0","0","0","0","0","0","0","3","1","0","0","0","0","0","0","0","0","0","Not Parked","0","0","0","0"
frc4467,2025,2025tnkn,2025tnkn_qm47,47,4/4/2025 8:12:00 PM,red,frc8570,"15","45","12","72","2","15","17","0","0","0","8","1","Processor Side","1","0","2","0","0","0","0","0","5","5","5","0","0","0","0","0","0","12","4","Deep Cage","0","0","0","0"
frc4467,2025,2025tnkn,2025tnkn_qm47,47,4/4/2025 8:12:00 PM,red,frc9668,"3","12","0","15","0","0","0","0","2","2","150","1","Middle","1","0","0","0","0","0","0","0","0","0","0","2","0","0","0","0","0","150","0","Not Parked","0","0","0","0"
frc4467,2025,2025tnkn,2025tnkn_qm47,47,4/4/2025 8:12:00 PM,blue,frc4576,"3","4","0","7","0","2","2","0","0","0","0","1","Middle","1","0","0","0","0","0","0","0","0","0","2","0","0","0","0","0","0","0","0","Not Parked","0","0","0","0"
frc4467,2025,2025tnkn,2025tnkn_qm47,47,4/4/2025 8:12:00 PM,blue,frc3324,"10","33","2","45","1","7","8","0","0","0","0","1","Cage Side","1","1","0","0","0","0","0","5","2","0","0","0","0","0","0","0","0","0","0","Parked","0","0","0","0"
frc4467,2025,2025tnkn,2025tnkn_qm47,47,4/4/2025 8:12:00 PM,red,frc801,"10","37","12","59","1","8","9","0","0","0","7","1","Cage Side","1","1","0","0","0","0","0","7","0","0","1","0","0","0","0","0","0","10","3","Deep Cage","0","0","0","0"
frc4467,2025,2025tnkn,2025tnkn_qm48,48,4/4/2025 8:20:00 PM,red,frc538,"3","12","2","17","0","0","0","0","3","3","150","1","Cage Side","1","0","0","0","0","0","0","0","0","0","0","0","3","0","0","0","0","150","0","Parked","0","0","0","0"
frc4467,2025,2025tnkn,2025tnkn_qm48,48,4/4/2025 8:20:00 PM,red,frc1014,"10","24","2","36","1","0","1","0","6","6","29","1","Middle","1","1","0","0","0","0","0","0","0","0","0","0","6","0","0","0","0","29","0","Parked","0","0","0","0"
frc4467,2025,2025tnkn,2025tnkn_qm48,48,4/4/2025 8:20:00 PM,blue,frc2856,"0","0","0","0","0","0","0","0","0","0","0","1","Cage Side","0","0","0","0","0","0","0","0","0","0","0","0","0","0","0","0","0","0","0","Not Parked","0","0","0","0"
frc4467,2025,2025tnkn,2025tnkn_qm48,48,4/4/2025 8:20:00 PM,blue,frc7483,"3","30","2","35","0","6","6","0","0","0","17","1","Processor Side","1","0","0","0","0","0","0","6","0","0","0","0","0","0","0","0","0","17","0","Parked","0","0","0","0"
frc4467,2025,2025tnkn,2025tnkn_qm48,48,4/4/2025 8:20:00 PM,red,frc4630,"3","8","0","11","0","2","2","0","0","0","0","0","Processor Side","1","0","0","0","0","0","0","0","2","0","0","0","0","0","0","0","0","0","0","Not Parked","1","0","0","0"
frc4467,2025,2025tnkn,2025tnkn_qm48,48,4/4/2025 8:20:00 PM,blue,frc3843,"3","12","2","17","0","0","0","0","2","2","0","1","Middle","1","0","0","0","0","0","0","0","0","0","0","2","0","0","0","0","0","0","0","Parked","0","0","0","0"
frc4467,2025,2025tnkn,2025tnkn_qm49,49,4/4/2025 8:28:00 PM,red,frc3504,"14","28","0","42","2","6","8","0","0","0","0","1","Processor Side","0","2","0","0","0","0","0","4","2","0","0","0","0","0","0","0","0","0","0","Not Parked","0","0","0","0"
frc4467,2025,2025tnkn,2025tnkn_qm49,49,4/4/2025 8:28:00 PM,blue,frc1592,"3","30","0","33","0","6","6","0","0","0","150","1","Processor Side","1","0","0","0","0","0","0","6","0","0","0","0","0","0","0","0","0","150","0","Not Parked","0","0","0","0"
frc4467,2025,2025tnkn,2025tnkn_qm49,49,4/4/2025 8:28:00 PM,blue,frc5744,"3","0","0","3","0","0","0","0","0","0","0","1","Middle","1","0","0","0","0","0","0","0","0","0","0","0","0","0","0","0","0","0","0","Not Parked","0","0","0","0"
frc4467,2025,2025tnkn,2025tnkn_qm49,49,4/4/2025 8:28:00 PM,red,frc3492,"7","27","0","34","1","8","9","0","0","0","150","1","Cage Side","1","0","0","1","0","0","0","0","4","3","1","0","0","0","0","0","0","150","0","Not Parked","0","0","0","0"
frc4467,2025,2025tnkn,2025tnkn_qm49,49,4/4/2025 8:28:00 PM,red,frc10137,"3","0","0","3","0","0","0","0","0","0","0","1","Middle","1","0","0","0","0","0","0","0","0","0","0","0","0","0","0","0","0","0","0","Not Parked","0","0","0","0"
frc4467,2025,2025tnkn,2025tnkn_qm49,49,4/4/2025 8:28:00 PM,blue,frc10101,"3","0","12","15","0","0","0","0","0","0","13","1","Cage Side","1","0","0","0","0","0","0","0","0","0","0","0","0","1","5","1","0","13","0","Deep Cage","0","0","0","0"
frc4467,2025,2025tnkn,2025tnkn_qm50,50,4/4/2025 8:36:00 PM,red,frc1708,"3","34","2","39","1","8","9","0","0","0","150","1","Cage Side","0","0","0","0","1","0","0","6","0","0","2","0","0","0","0","0","0","150","0","Parked","0","0","0","0"
frc4467,2025,2025tnkn,2025tnkn_qm50,50,4/4/2025 8:36:00 PM,red,frc3937,"17","36","2","55","2","7","9","0","1","1","0","1","Processor Side","1","2","0","0","0","0","0","4","3","0","0","0","1","0","0","0","0","0","0","Parked","0","0","0","0"
frc4467,2025,2025tnkn,2025tnkn_qm50,50,4/4/2025 8:36:00 PM,red,frc7255,"3","0","0","3","0","0","0","0","0","0","0","1.5","Middle","1","0","0","0","0","0","0","0","0","0","0","0","0","0","0","0","0","0","0","Not Parked","0","1","0","0"
frc4467,2025,2025tnkn,2025tnkn_qm50,50,4/4/2025 8:36:00 PM,blue,frc3824,"10","21","6","37","1","1","2","0","4","4","21","1","Middle","1","1","0","0","0","0","0","1","0","0","0","0","4","0","0","0","0","140","119","Shallow Cage","0","0","0","0"
frc4467,2025,2025tnkn,2025tnkn_qm50,50,4/4/2025 8:36:00 PM,blue,frc3139,"3","10","2","15","0","5","5","0","0","0","0","1","Processor Side","1","0","0","0","0","0","0","0","0","0","5","0","0","1","3","0","0","0","0","Parked","0","0","0","0"
frc4467,2025,2025tnkn,2025tnkn_qm50,50,4/4/2025 8:36:00 PM,blue,frc4020,"24","61","2","87","3","15","18","0","0","0","8","1","Cage Side","1","3","0","0","0","0","0","5","6","4","0","0","0","0","0","0","0","8","0","Parked","0","0","0","0"
frc4467,2025,2025tnkn,2025tnkn_qm51,51,4/4/2025 8:44:00 PM,blue,frc21,"10","20","12","42","1","4","5","0","0","0","4","1","Cage Side","1","1","0","0","0","0","0","4","0","0","0","0","0","0","0","0","0","16","12","Deep Cage","0","0","0","0"
frc4467,2025,2025tnkn,2025tnkn_qm51,51,4/4/2025 8:44:00 PM,blue,frc3821,"10","0","2","12","1","0","1","0","0","0","0","1","Middle","1","1","0","0","0","0","0","0","0","0","0","0","0","1","8","0","0","0","0","Parked","0","0","0","0"
frc4467,2025,2025tnkn,2025tnkn_qm51,51,4/4/2025 8:44:00 PM,red,frc6517,"3","30","12","45","1","7","8","0","0","0","13","1","Processor Side","0","0","0","0","1","0","0","4","2","0","1","0","0","0","0","0","0","20","7","Deep Cage","0","0","0","0"
frc4467,2025,2025tnkn,2025tnkn_qm51,51,4/4/2025 8:44:00 PM,red,frc5002,"3","0","2","5","0","0","0","0","0","0","10","1","Middle","1","0","0","0","0","0","0","0","0","0","0","0","0","1","0","0","0","10","0","Parked","0","0","0","0"
frc4467,2025,2025tnkn,2025tnkn_qm51,51,4/4/2025 8:44:00 PM,blue,frc4065,"17","34","2","53","2","5","7","0","3","3","5","1","Processor Side","1","2","0","0","0","0","0","4","0","0","1","0","3","0","0","0","0","5","0","Parked","0","0","0","0"
frc4467,2025,2025tnkn,2025tnkn_qm51,51,4/4/2025 8:44:00 PM,red,frc4265,"17","38","12","67","2","9","11","0","0","0","11","1","Middle","1","2","0","0","0","0","0","4","3","2","0","0","0","0","0","0","0","11","0","Deep Cage","0","0","0","0"
frc4467,2025,2025tnkn,2025tnkn_qm52,52,4/4/2025 8:52:00 PM,blue,frc9668,"3","24","0","27","0","0","0","0","4","4","2","1","Cage Side","1","0","0","0","0","0","0","0","0","0","0","4","0","0","0","0","0","2","0","Not Parked","0","0","0","0"
frc4467,2025,2025tnkn,2025tnkn_qm52,52,4/4/2025 8:52:00 PM,blue,frc7428,"3","37","12","52","0","9","9","0","0","0","10","1","Processor Side","1","0","0","0","0","0","0","4","2","3","0","0","0","0","0","0","0","10","0","Deep Cage","0","0","0","0"
frc4467,2025,2025tnkn,2025tnkn_qm52,52,4/4/2025 8:52:00 PM,blue,frc3984,"3","10","0","13","0","2","2","0","0","0","0","1","Cage Side","1","0","0","0","0","0","0","2","0","0","0","0","0","0","0","0","0","0","0","Not Parked","0","0","0","0"
frc4467,2025,2025tnkn,2025tnkn_qm52,52,4/4/2025 8:52:00 PM,red,frc7072,"24","37","12","73","3","9","12","0","0","0","16","1","Cage Side","1","3","0","0","0","0","0","3","4","2","0","0","0","0","0","0","0","16","0","Deep Cage","0","0","0","0"
frc4467,2025,2025tnkn,2025tnkn_qm52,52,4/4/2025 8:52:00 PM,red,frc233,"3","47","12","62","0","11","11","0","0","0","11","1","Processor Side","1","0","0","0","0","0","0","5","4","2","0","0","0","0","0","0","0","16","5","Deep Cage","0","0","0","0"
frc4467,2025,2025tnkn,2025tnkn_qm52,52,4/4/2025 8:52:00 PM,red,frc3140,"3","31","0","34","0","4","4","0","4","4","0","1","Middle","1","0","0","0","0","0","0","1","1","2","0","0","4","0","0","0","0","0","0","Not Parked","0","0","0","0"
frc4467,2025,2025tnkn,2025tnkn_qm53,53,4/4/2025 9:00:00 PM,blue,frc10479,"17","41","12","70","2","9","11","0","0","0","15","1","Cage Side","1","2","0","0","0","0","0","5","4","0","0","0","0","0","0","0","0","20","5","Deep Cage","0","0","0","0"
frc4467,2025,2025tnkn,2025tnkn_qm53,53,4/4/2025 9:00:00 PM,blue,frc4576,"3","8","0","11","0","0","0","0","2","2","0","1","Middle","1","0","0","0","0","0","0","0","0","0","0","0","2","0","0","0","0","0","0","Not Parked","0","0","0","0"
frc4467,2025,2025tnkn,2025tnkn_qm53,53,4/4/2025 9:00:00 PM,blue,frc8570,"12","67","2","81","2","15","17","0","2","2","0","1","Processor Side","1","0","1","0","1","0","0","0","10","5","0","2","0","0","0","0","0","0","0","Parked","0","0","0","0"
frc4467,2025,2025tnkn,2025tnkn_qm53,53,4/4/2025 9:00:00 PM,red,frc4306,"0","0","0","0","0","0","0","0","0","0","0","1","Middle","0","0","0","0","0","0","0","0","0","0","0","0","0","0","0","0","0","0","0","Not Parked","0","0","0","0"
frc4467,2025,2025tnkn,2025tnkn_qm53,53,4/4/2025 9:00:00 PM,red,frc5847,"3","50","2","55","0","12","12","0","0","0","150","1","Processor Side","1","0","0","0","0","0","0","6","4","0","2","0","0","0","0","0","0","150","0","Parked","0","0","0","0"
frc4467,2025,2025tnkn,2025tnkn_qm53,53,4/4/2025 9:00:00 PM,red,frc1466,"17","33","0","50","2","5","7","0","2","2","0","1","Cage Side","1","2","0","0","0","0","0","2","2","1","0","2","0","0","0","0","0","0","0","Not Parked","0","0","0","0"
frc4467,2025,2025tnkn,2025tnkn_qm54,54,4/4/2025 9:08:00 PM,red,frc4467,"10","36","12","58","1","9","10","0","1","1","9","1","Cage Side","1","1","0","0","0","0","0","1","3","3","2","1","0","0","0","0","0","9","0","Deep Cage","0","0","0","0"
frc4467,2025,2025tnkn,2025tnkn_qm54,54,4/4/2025 9:08:00 PM,red,frc2393,"3","31","0","34","0","8","8","0","0","0","0","1","Processor Side","1","0","0","0","0","0","0","3","2","2","1","0","0","0","0","0","0","0","0","Not Parked","0","0","0","0"
frc4467,2025,2025tnkn,2025tnkn_qm54,54,4/4/2025 9:08:00 PM,blue,frc2614,"7","18","6","31","1","4","5","0","0","0","-7","1","Not There","0","1","0","0","0","0","0","2","2","0","0","0","0","0","0","0","0","140","147","Shallow Cage","0","0","0","0"
frc4467,2025,2025tnkn,2025tnkn_qm54,54,4/4/2025 9:08:00 PM,blue,frc9152,"3","0","2","5","0","0","0","0","0","0","17","1","Middle","1","0","0","0","0","0","0","0","0","0","0","0","0","0","0","0","0","17","0","Parked","0","0","0","0"
frc4467,2025,2025tnkn,2025tnkn_qm54,54,4/4/2025 9:08:00 PM,blue,frc10269,"3","0","2","5","0","0","0","0","0","0","0","1","Processor Side","1","0","0","0","0","0","0","0","0","0","0","0","0","0","0","0","0","0","0","Parked","0","0","0","0"
frc4467,2025,2025tnkn,2025tnkn_qm54,54,4/4/2025 9:08:00 PM,red,frc5816,"10","4","2","16","1","1","2","0","0","0","0","1","Middle","1","1","0","0","0","0","0","0","1","0","0","0","0","0","0","0","0","0","0","Parked","0","0","0","0"
frc4467,2025,2025tnkn,2025tnkn_qm55,55,4/4/2025 9:16:00 PM,red,frc3324,"6","20","0","26","1","5","6","0","0","0","150","1","Cage Side","1","0","0","0","1","0","0","2","2","0","1","0","0","0","0","0","0","150","0","Not Parked","0","0","0","0"
frc4467,2025,2025tnkn,2025tnkn_qm55,55,4/4/2025 9:16:00 PM,red,frc5045,"6","0","0","6","1","0","1","0","0","0","0","1","Middle","1","0","0","0","1","0","0","0","0","0","0","0","0","1","7","0","0","0","0","Not Parked","0","0","0","0"
frc4467,2025,2025tnkn,2025tnkn_qm55,55,4/4/2025 9:16:00 PM,blue,frc4504,"0","0","2","2","0","0","0","0","0","0","24","1","Cage Side","0","0","0","0","0","0","0","0","0","0","0","0","0","0","0","0","0","24","0","Parked","0","0","0","0"
frc4467,2025,2025tnkn,2025tnkn_qm55,55,4/4/2025 9:16:00 PM,blue,frc4020,"24","52","6","82","3","8","11","0","3","3","-18","1","Cage Side","1","3","0","0","0","0","0","4","2","2","0","3","0","0","0","0","0","130","148","Shallow Cage","0","0","0","0"
frc4467,2025,2025tnkn,2025tnkn_qm55,55,4/4/2025 9:16:00 PM,blue,frc3966,"17","31","0","48","2","10","12","0","0","0","0","1","Processor Side","1","2","0","0","0","0","0","0","3","5","2","0","0","0","0","0","0","0","0","Not Parked","0","0","0","0"
frc4467,2025,2025tnkn,2025tnkn_qm55,55,4/4/2025 9:16:00 PM,red,frc801,"17","56","2","75","2","9","11","0","2","2","16","1","Processor Side","1","2","0","0","0","0","0","8","1","0","0","2","0","0","0","0","0","16","0","Parked","0","0","0","0"
frc4467,2025,2025tnkn,2025tnkn_qm56,56,4/4/2025 9:24:00 PM,red,frc3843,"6","6","12","24","1","0","1","0","1","1","14","1","Middle","1","0","0","0","1","0","0","0","0","0","0","1","0","0","0","0","0","17","3","Deep Cage","0","0","0","0"
frc4467,2025,2025tnkn,2025tnkn_qm56,56,4/4/2025 9:24:00 PM,red,frc4630,"0","8","0","8","0","2","2","0","0","0","0","1","Processor Side","0","0","0","0","0","0","0","0","2","0","0","0","0","0","0","0","0","0","0","Not Parked","0","0","0","0"
frc4467,2025,2025tnkn,2025tnkn_qm56,56,4/4/2025 9:24:00 PM,blue,frc3492,"3","26","0","29","0","8","8","0","0","0","0","1","Cage Side","1","0","0","0","0","0","0","0","4","2","2","0","0","0","0","0","0","0","0","Not Parked","0","0","0","0"
frc4467,2025,2025tnkn,2025tnkn_qm56,56,4/4/2025 9:24:00 PM,blue,frc4065,"3","36","2","41","0","0","0","0","8","8","13","1","Processor Side","1","0","0","0","0","0","0","0","0","0","0","2","6","0","0","0","0","13","0","Parked","0","0","0","0"
frc4467,2025,2025tnkn,2025tnkn_qm56,56,4/4/2025 9:24:00 PM,red,frc3821,"3","14","0","17","0","7","7","0","0","0","0","1","Cage Side","1","0","0","0","0","0","0","0","0","0","7","0","0","0","0","0","0","0","0","Not Parked","0","0","0","0"
frc4467,2025,2025tnkn,2025tnkn_qm56,56,4/4/2025 9:24:00 PM,blue,frc7255,"3","25","2","30","0","7","7","0","0","0","150","1","Middle","1","0","0","0","0","0","0","0","4","3","0","0","0","0","0","0","0","150","0","Parked","0","0","0","0"
frc4467,2025,2025tnkn,2025tnkn_qm57,57,4/4/2025 9:32:00 PM,red,frc2856,"3","0","0","3","0","0","0","0","0","0","0","0","Cage Side","1","0","0","0","0","0","0","0","0","0","0","0","0","0","0","0","0","0","0","Not Parked","1","0","0","0"
frc4467,2025,2025tnkn,2025tnkn_qm57,57,4/4/2025 9:32:00 PM,blue,frc3937,"10","32","12","54","1","8","9","0","2","2","5","1","Processor Side","1","1","0","0","0","0","0","1","2","1","4","0","2","0","0","0","0","11","6","Deep Cage","0","0","0","0"
frc4467,2025,2025tnkn,2025tnkn_qm57,57,4/4/2025 9:32:00 PM,blue,frc5744,"10","0","0","10","1","0","1","0","0","0","-27","0","Middle","1","1","0","0","0","0","0","0","0","0","0","0","0","0","0","0","0","0","27","Not Parked","1","0","0","0"
frc4467,2025,2025tnkn,2025tnkn_qm57,57,4/4/2025 9:32:00 PM,blue,frc6517,"17","40","0","57","2","10","12","0","0","0","18","1","Cage Side","1","2","0","0","0","0","0","3","4","3","0","0","0","0","0","0","0","21","3","Not Parked","0","0","0","0"
frc4467,2025,2025tnkn,2025tnkn_qm57,57,4/4/2025 9:32:00 PM,red,frc3984,"10","10","2","22","1","2","3","0","0","0","5","1","Middle","1","1","0","0","0","0","0","2","0","0","0","0","0","1","0","0","0","5","0","Parked","0","0","0","0"
frc4467,2025,2025tnkn,2025tnkn_qm57,57,4/4/2025 9:32:00 PM,red,frc3139,"3","12","2","17","0","5","5","0","0","0","0","1","Processor Side","1","0","0","0","0","0","0","0","0","2","3","0","0","0","0","0","0","0","0","Parked","0","0","0","0"
frc4467,2025,2025tnkn,2025tnkn_qm58,58,4/5/2025 12:50:00 PM,red,frc5847,"10","44","2","56","1","10","11","0","1","1","3","1","Cage Side","1","1","0","0","0","0","0","5","1","3","1","0","1","0","0","0","0","3","0","Parked","0","0","0","0"
frc4467,2025,2025tnkn,2025tnkn_qm58,58,4/5/2025 12:50:00 PM,blue,frc10101,"3","0","0","3","0","0","0","0","0","0","0","1","Middle","1","0","0","0","0","0","0","0","0","0","0","0","0","1","5","1","0","0","0","Not Parked","0","0","0","0"
frc4467,2025,2025tnkn,2025tnkn_qm58,58,4/5/2025 12:50:00 PM,blue,frc1466,"3","16","0","19","0","1","1","0","3","3","0","1","Processor Side","1","0","0","0","0","0","0","0","1","0","0","0","3","0","0","0","0","0","0","Not Parked","0","0","0","0"
frc4467,2025,2025tnkn,2025tnkn_qm58,58,4/5/2025 12:50:00 PM,red,frc3824,"0","16","2","18","0","4","4","0","2","2","8","1","Not There","0","0","0","0","0","0","0","0","0","0","4","0","2","0","0","0","0","8","0","Parked","0","0","0","0"
frc4467,2025,2025tnkn,2025tnkn_qm58,58,4/5/2025 12:50:00 PM,blue,frc4265,"17","57","12","86","2","12","14","0","0","0","15","1","Cage Side","1","2","0","0","0","0","0","9","3","0","0","0","0","0","0","0","0","18","3","Deep Cage","0","0","0","0"
frc4467,2025,2025tnkn,2025tnkn_qm58,58,4/5/2025 12:50:00 PM,red,frc7072,"21","23","2","46","3","6","9","0","0","0","10","1","Processor Side","0","3","0","0","0","0","0","1","3","2","0","0","0","0","0","0","0","10","0","Parked","0","0","0","0"
frc4467,2025,2025tnkn,2025tnkn_qm59,59,4/5/2025 12:59:00 PM,blue,frc4467,"17","59","0","76","2","14","16","0","1","1","0","1","Cage Side","1","2","0","0","0","0","0","6","2","3","3","1","0","0","0","0","0","0","0","Not Parked","0","0","0","0"
frc4467,2025,2025tnkn,2025tnkn_qm59,59,4/5/2025 12:59:00 PM,blue,frc538,"3","6","2","11","0","0","0","0","1","1","0","1","Middle","1","0","0","0","0","0","0","0","0","0","0","1","0","1","4","0","0","0","0","Parked","0","0","0","0"
frc4467,2025,2025tnkn,2025tnkn_qm59,59,4/5/2025 12:59:00 PM,blue,frc2614,"10","20","12","42","1","5","6","0","0","0","4","1","Processor Side","1","1","0","0","0","0","0","2","2","0","1","0","0","0","0","0","0","17","13","Deep Cage","0","0","0","0"
frc4467,2025,2025tnkn,2025tnkn_qm59,59,4/5/2025 12:59:00 PM,red,frc10137,"3","6","2","11","0","0","0","0","1","1","3","1","Cage Side","1","0","0","0","0","0","0","0","0","0","0","1","0","0","0","0","0","3","0","Parked","0","0","0","0"
frc4467,2025,2025tnkn,2025tnkn_qm59,59,4/5/2025 12:59:00 PM,red,frc5002,"10","25","12","47","1","5","6","0","0","0","10","1","Middle","1","1","0","0","0","0","0","5","0","0","0","0","0","0","0","0","0","10","0","Deep Cage","0","0","0","0"
frc4467,2025,2025tnkn,2025tnkn_qm59,59,4/5/2025 12:59:00 PM,red,frc8570,"15","16","12","43","2","4","6","0","0","0","4","1","Processor Side","1","0","2","0","0","0","0","0","4","0","0","0","0","0","0","0","0","7","3","Deep Cage","0","0","0","0"
frc4467,2025,2025tnkn,2025tnkn_qm60,60,4/5/2025 1:08:00 PM,red,frc4504,"0","0","2","2","0","0","0","0","0","0","18","1","Middle","0","0","0","0","0","0","0","0","0","0","0","0","0","1","1","0","0","18","0","Parked","0","0","0","0"
frc4467,2025,2025tnkn,2025tnkn_qm60,60,4/5/2025 1:08:00 PM,red,frc2393,"10","24","0","34","1","5","6","0","0","0","0","1","Cage Side","1","1","0","0","0","0","0","4","1","0","0","0","0","0","0","1","0","0","0","Not Parked","0","0","0","0"
frc4467,2025,2025tnkn,2025tnkn_qm60,60,4/5/2025 1:08:00 PM,blue,frc9668,"3","18","2","23","0","0","0","0","3","3","0","1","Middle","1","0","0","0","0","0","0","0","0","0","0","3","0","1","2","0","0","0","0","Parked","0","0","0","0"
frc4467,2025,2025tnkn,2025tnkn_qm60,60,4/5/2025 1:08:00 PM,red,frc1592,"3","25","12","40","0","5","5","0","0","0","5","1","Middle","1","0","0","0","0","0","0","5","0","0","0","0","0","0","0","0","0","5","0","Deep Cage","0","0","0","0"
frc4467,2025,2025tnkn,2025tnkn_qm60,60,4/5/2025 1:08:00 PM,blue,frc3324,"10","28","0","38","1","9","10","0","0","0","0","1","Cage Side","1","1","0","0","0","0","0","1","3","1","4","0","0","0","0","0","0","0","0","Not Parked","0","0","0","0"
frc4467,2025,2025tnkn,2025tnkn_qm60,60,4/5/2025 1:08:00 PM,blue,frc10479,"17","50","0","67","2","13","15","0","0","0","0","1","Processor Side","1","2","0","0","0","0","0","6","1","4","2","0","0","0","0","0","0","0","0","Not Parked","0","0","0","0"
frc4467,2025,2025tnkn,2025tnkn_qm61,61,4/5/2025 1:17:00 PM,blue,frc3966,"10","42","2","54","1","9","10","0","0","0","150","1","Processor Side","1","1","0","0","0","0","0","6","3","0","0","0","0","0","0","0","0","150","0","Parked","0","0","0","0"
frc4467,2025,2025tnkn,2025tnkn_qm61,61,4/5/2025 1:17:00 PM,red,frc10269,"3","0","2","5","0","0","0","0","0","0","0","1","Cage Side","1","0","0","0","0","0","0","0","0","0","0","0","0","1","1","0","0","0","0","Parked","0","0","0","0"
frc4467,2025,2025tnkn,2025tnkn_qm61,61,4/5/2025 1:17:00 PM,red,frc3140,"3","0","0","3","0","0","0","0","0","0","0","1","Processor Side","1","0","0","0","0","0","0","0","0","0","0","0","0","0","0","0","0","0","0","Not Parked","0","0","0","0"
frc4467,2025,2025tnkn,2025tnkn_qm61,61,4/5/2025 1:17:00 PM,blue,frc5045,"9","12","0","21","1","3","4","0","0","0","150","0.5","Middle","1","0","1","0","0","0","0","0","3","0","0","0","0","0","0","0","0","150","0","Not Parked","1","1","0","0"
frc4467,2025,2025tnkn,2025tnkn_qm61,61,4/5/2025 1:17:00 PM,blue,frc4306,"9","0","2","11","1","0","1","0","0","0","22","1","Cage Side","1","0","1","0","0","0","0","0","0","0","0","0","0","1","7","0","0","22","0","Parked","0","0","0","0"
frc4467,2025,2025tnkn,2025tnkn_qm61,61,4/5/2025 1:17:00 PM,red,frc5816,"10","25","2","37","1","5","6","0","0","0","10","1","Middle","1","1","0","0","0","0","0","5","0","0","0","0","0","0","0","0","0","10","0","Parked","0","0","0","0"
frc4467,2025,2025tnkn,2025tnkn_qm62,62,4/5/2025 1:26:00 PM,red,frc801,"17","43","12","72","2","11","13","0","1","1","5","1","Cage Side","1","2","0","0","0","0","0","3","2","2","4","1","0","0","0","0","0","6","1","Deep Cage","0","0","0","0"
frc4467,2025,2025tnkn,2025tnkn_qm62,62,4/5/2025 1:26:00 PM,red,frc233,"17","38","2","57","2","11","13","0","0","0","7","1","Processor Side","1","2","0","0","0","0","0","2","3","4","2","0","0","0","0","0","0","7","0","Parked","0","0","0","0"
frc4467,2025,2025tnkn,2025tnkn_qm62,62,4/5/2025 1:26:00 PM,blue,frc1014,"3","6","12","21","0","0","0","0","1","1","14","1","Middle","1","0","0","0","0","0","0","0","0","0","0","1","0","1","6","0","0","14","0","Deep Cage","0","0","0","0"
frc4467,2025,2025tnkn,2025tnkn_qm62,62,4/5/2025 1:26:00 PM,blue,frc4576,"3","19","0","22","0","4","4","0","0","0","150","1","Processor Side","1","0","0","0","0","0","0","3","1","0","0","0","0","0","0","0","0","150","0","Not Parked","0","0","0","0"
frc4467,2025,2025tnkn,2025tnkn_qm62,62,4/5/2025 1:26:00 PM,red,frc9152,"0","0","0","0","0","0","0","0","0","0","0","1","Not There","0","0","0","0","0","0","0","0","0","0","0","0","0","0","0","0","0","0","0","Not Parked","0","0","0","0"
frc4467,2025,2025tnkn,2025tnkn_qm62,62,4/5/2025 1:26:00 PM,blue,frc3504,"17","25","2","44","2","5","7","0","0","0","0","1","Cage Side","1","2","0","0","0","0","0","5","0","0","0","0","0","0","0","0","0","0","0","Parked","0","0","0","0"
frc4467,2025,2025tnkn,2025tnkn_qm63,63,4/5/2025 1:35:00 PM,blue,frc10101,"3","0","0","3","0","0","0","0","0","0","150","0","Middle","1","0","0","0","0","0","0","0","0","0","0","0","0","0","7","0","0","150","0","Not Parked","1","0","0","0"
frc4467,2025,2025tnkn,2025tnkn_qm63,63,4/5/2025 1:35:00 PM,blue,frc7428,"3","25","12","40","0","7","7","0","0","0","4","1","Middle","1","0","0","0","0","0","0","1","4","0","2","0","0","0","0","0","0","4","0","Deep Cage","0","0","0","0"
frc4467,2025,2025tnkn,2025tnkn_qm63,63,4/5/2025 1:35:00 PM,red,frc3843,"3","6","2","11","0","1","1","0","1","1","0","1","Processor Side","1","0","0","0","0","0","0","0","0","0","1","0","1","0","0","0","0","0","0","Parked","0","0","0","0"
frc4467,2025,2025tnkn,2025tnkn_qm63,63,4/5/2025 1:35:00 PM,red,frc21,"10","10","12","32","1","2","3","0","0","0","17","1","Cage Side","1","1","0","0","0","0","0","2","0","0","0","0","0","0","0","0","0","23","6","Deep Cage","0","0","0","0"
frc4467,2025,2025tnkn,2025tnkn_qm63,63,4/5/2025 1:35:00 PM,blue,frc7483,"10","10","2","22","1","2","3","0","0","0","150","1","Processor Side","1","1","0","0","0","0","0","2","0","0","0","0","0","0","0","0","0","150","0","Parked","0","0","0","0"
frc4467,2025,2025tnkn,2025tnkn_qm63,63,4/5/2025 1:35:00 PM,red,frc1708,"10","40","0","50","1","9","10","0","0","0","2","1","Middle","1","1","0","0","0","0","0","6","2","0","1","0","0","0","0","0","0","2","0","Not Parked","0","0","0","0"
frc4467,2025,2025tnkn,2025tnkn_qm64,64,4/5/2025 1:44:00 PM,blue,frc3821,"3","6","2","11","0","3","3","0","0","0","0","1","Processor Side","1","0","0","0","0","0","0","0","0","0","3","0","0","1","2","0","0","0","0","Parked","0","0","0","0"
frc4467,2025,2025tnkn,2025tnkn_qm64,64,4/5/2025 1:44:00 PM,blue,frc3824,"3","12","2","17","0","3","3","0","0","0","150","1","Middle","1","0","0","0","0","0","0","2","0","0","1","0","0","0","0","0","0","150","0","Parked","0","0","0","0"
frc4467,2025,2025tnkn,2025tnkn_qm64,64,4/5/2025 1:44:00 PM,red,frc8570,"21","58","12","91","3","13","16","0","2","2","15","1","Processor Side","1","0","3","0","0","0","0","0","7","6","0","2","0","0","0","0","0","15","0","Deep Cage","0","0","0","0"
frc4467,2025,2025tnkn,2025tnkn_qm64,64,4/5/2025 1:44:00 PM,red,frc2856,"0","2","0","2","0","1","1","0","0","0","150","0","Middle","0","0","0","0","0","0","0","0","0","0","1","0","0","1","2","0","0","150","0","Not Parked","1","0","0","0"
frc4467,2025,2025tnkn,2025tnkn_qm64,64,4/5/2025 1:44:00 PM,red,frc5847,"17","64","2","83","2","11","13","0","3","3","2","1","Cage Side","1","2","0","0","0","0","0","9","1","1","0","0","3","0","0","0","0","2","0","Parked","0","0","0","0"
frc4467,2025,2025tnkn,2025tnkn_qm64,64,4/5/2025 1:44:00 PM,blue,frc3984,"3","27","2","32","0","8","8","0","0","0","0","1","Cage Side","1","0","0","0","0","0","0","0","5","1","2","0","0","0","0","0","0","0","0","Parked","0","0","0","0"
frc4467,2025,2025tnkn,2025tnkn_qm65,65,4/5/2025 1:53:00 PM,red,frc4265,"68","0","2","70","11","0","11","0","0","0","0","1","Cage Side","1","5","3","3","0","0","0","0","0","0","0","0","0","0","0","0","0","0","0","Parked","0","0","0","0"
frc4467,2025,2025tnkn,2025tnkn_qm65,65,4/5/2025 1:53:00 PM,red,frc538,"3","0","2","5","0","0","0","0","0","0","0","1","Middle","1","0","0","0","0","0","0","0","0","0","0","0","0","1","9","0","0","0","0","Parked","0","0","0","0"
frc4467,2025,2025tnkn,2025tnkn_qm65,65,4/5/2025 1:53:00 PM,blue,frc5744,"3","0","0","3","0","0","0","0","0","0","5","1","Middle","1","0","0","0","0","0","0","0","0","0","0","0","0","1","7","0","0","5","0","Not Parked","0","0","0","0"
frc4467,2025,2025tnkn,2025tnkn_qm65,65,4/5/2025 1:53:00 PM,red,frc4020,"24","49","12","85","3","9","12","0","2","2","12","1","Processor Side","1","3","0","0","0","0","0","3","4","2","0","2","0","0","0","0","0","12","0","Deep Cage","0","0","0","0"
frc4467,2025,2025tnkn,2025tnkn_qm65,65,4/5/2025 1:53:00 PM,blue,frc4467,"3","26","2","31","0","6","6","0","0","0","3","1","Cage Side","1","0","0","0","0","0","0","3","2","1","0","0","0","0","0","0","0","4","1","Parked","0","0","0","0"
frc4467,2025,2025tnkn,2025tnkn_qm66,66,4/5/2025 2:02:00 PM,blue,frc5002,"3","27","2","32","0","6","6","0","0","0","5","1","Processor Side","1","0","0","0","0","0","0","5","0","0","1","0","0","0","0","0","0","5","0","Parked","0","0","0","0"
frc4467,2025,2025tnkn,2025tnkn_qm66,66,4/5/2025 2:02:00 PM,blue,frc3139,"3","6","2","11","0","3","3","0","0","0","6","1","Cage Side","1","0","0","0","0","0","0","0","0","0","3","0","0","0","0","0","0","6","0","Parked","0","0","0","0"
frc4467,2025,2025tnkn,2025tnkn_qm66,66,4/5/2025 2:02:00 PM,red,frc4306,"3","0","2","5","0","0","0","0","0","0","0","1","Cage Side","1","0","0","0","0","0","0","0","0","0","0","0","0","1","3","4","0","0","0","Parked","0","0","0","0"
frc4467,2025,2025tnkn,2025tnkn_qm66,66,4/5/2025 2:02:00 PM,blue,frc5045,"9","20","2","31","1","6","7","0","0","0","6","1","Middle","1","0","1","0","0","0","0","0","4","0","2","0","0","0","0","0","0","6","0","Parked","0","0","0","0"
frc4467,2025,2025tnkn,2025tnkn_qm66,66,4/5/2025 2:02:00 PM,red,frc9668,"3","18","2","23","0","0","0","0","3","3","150","1","Not There","1","0","0","0","0","0","0","0","0","0","0","3","0","0","0","0","0","150","0","Parked","0","0","0","0"
frc4467,2025,2025tnkn,2025tnkn_qm66,66,4/5/2025 2:02:00 PM,red,frc4630,"0","4","0","4","0","1","1","0","0","0","0","0.5","Not There","0","0","0","0","0","0","0","0","1","0","0","0","0","0","0","0","0","0","0","Not Parked","1","1","0","0"
frc4467,2025,2025tnkn,2025tnkn_qm67,67,4/5/2025 2:10:00 PM,red,frc3492,"3","19","0","22","0","6","6","0","0","0","0","0","Middle","1","0","0","0","0","0","0","0","2","3","1","0","0","0","0","0","0","0","0","Not Parked","1","0","0","0"
frc4467,2025,2025tnkn,2025tnkn_qm67,67,4/5/2025 2:10:00 PM,red,frc1466,"10","28","2","40","1","2","3","0","3","3","150","1","Cage Side","1","1","0","0","0","0","0","2","0","0","0","3","0","0","0","0","0","150","0","Parked","0","0","0","0"
frc4467,2025,2025tnkn,2025tnkn_qm67,67,4/5/2025 2:10:00 PM,red,frc233,"17","33","12","62","2","9","11","0","0","0","12","1","Processor Side","1","2","0","0","0","0","0","2","4","1","2","0","0","0","0","0","0","15","3","Deep Cage","0","0","0","0"
frc4467,2025,2025tnkn,2025tnkn_qm67,67,4/5/2025 2:10:00 PM,blue,frc3966,"10","61","2","73","1","13","14","0","0","0","0","1","Processor Side","1","1","0","0","0","0","0","9","4","0","0","0","0","0","0","0","0","0","0","Parked","0","0","0","0"
frc4467,2025,2025tnkn,2025tnkn_qm67,67,4/5/2025 2:10:00 PM,blue,frc9152,"3","0","2","5","0","0","0","0","0","0","0","1","Cage Side","1","0","0","0","0","0","0","0","0","0","0","0","0","1","5","0","1","0","0","Parked","0","0","0","0"
frc4467,2025,2025tnkn,2025tnkn_qm67,67,4/5/2025 2:10:00 PM,blue,frc1014,"3","25","12","40","0","3","3","0","2","2","14","1","Middle","1","0","0","0","0","0","0","2","0","1","0","2","0","0","0","0","0","22","8","Deep Cage","0","0","0","0"
frc4467,2025,2025tnkn,2025tnkn_qm68,68,4/5/2025 2:18:00 PM,blue,frc10269,"0","0","2","2","0","0","0","0","0","0","17","1","Processor Side","0","0","0","0","0","0","0","0","0","0","0","0","0","1","4","0","0","17","0","Parked","0","0","0","0"
frc4467,2025,2025tnkn,2025tnkn_qm68,68,4/5/2025 2:18:00 PM,blue,frc4504,"3","4","2","9","0","2","2","0","0","0","0","1","Middle","1","0","0","0","0","0","0","0","0","0","2","0","0","0","0","0","0","0","0","Parked","0","0","0","0"
frc4467,2025,2025tnkn,2025tnkn_qm68,68,4/5/2025 2:18:00 PM,red,frc3937,"3","55","12","70","0","9","9","0","3","3","10","1","Processor Side","1","0","0","0","0","0","0","4","4","1","0","2","1","0","0","0","0","13","3","Deep Cage","0","0","0","0"
frc4467,2025,2025tnkn,2025tnkn_qm68,68,4/5/2025 2:18:00 PM,red,frc7428,"6","39","2","47","1","10","11","0","0","0","15","1","Middle","1","0","0","0","1","0","0","3","3","4","0","0","0","0","0","0","0","15","0","Parked","0","0","0","0"
frc4467,2025,2025tnkn,2025tnkn_qm68,68,4/5/2025 2:18:00 PM,red,frc2614,"10","22","12","44","1","6","7","0","0","0","7","1","Cage Side","1","1","0","0","0","0","0","2","1","2","1","0","0","0","0","0","0","10","3","Deep Cage","0","0","0","0"
frc4467,2025,2025tnkn,2025tnkn_qm68,68,4/5/2025 2:18:00 PM,blue,frc801,"17","53","2","72","2","9","11","0","2","2","150","1","Cage Side","1","2","0","0","0","0","0","5","4","0","0","2","0","0","0","0","0","150","0","Parked","0","0","0","0"
frc4467,2025,2025tnkn,2025tnkn_qm69,69,4/5/2025 2:26:00 PM,blue,frc1592,"10","25","12","47","1","5","6","0","0","0","5","1","Middle","1","1","0","0","0","0","0","5","0","0","0","0","0","0","0","0","0","8","3","Deep Cage","0","0","0","0"
frc4467,2025,2025tnkn,2025tnkn_qm69,69,4/5/2025 2:26:00 PM,red,frc4576,"3","12","2","17","0","3","3","0","0","0","0","1","Processor Side","1","0","0","0","0","0","0","0","3","0","0","0","0","0","0","0","0","0","0","Parked","0","0","0","0"
frc4467,2025,2025tnkn,2025tnkn_qm69,69,4/5/2025 2:26:00 PM,red,frc5816,"10","23","2","35","1","5","6","0","0","0","0","1","Cage Side","1","1","0","0","0","0","0","4","0","1","0","0","0","0","0","0","0","0","0","Parked","0","0","0","0"
frc4467,2025,2025tnkn,2025tnkn_qm69,69,4/5/2025 2:26:00 PM,blue,frc3324,"3","20","0","23","0","5","5","0","0","0","0","1","Cage Side","1","0","0","0","0","0","0","2","2","0","1","0","0","0","0","0","0","0","0","Not Parked","0","0","0","0"
frc4467,2025,2025tnkn,2025tnkn_qm69,69,4/5/2025 2:26:00 PM,red,frc1708,"3","35","0","38","0","8","8","0","0","0","150","1","Middle","1","0","0","0","0","0","0","5","1","2","0","0","0","0","0","0","0","150","0","Not Parked","0","0","0","0"
frc4467,2025,2025tnkn,2025tnkn_qm69,69,4/5/2025 2:26:00 PM,blue,frc7255,"3","24","0","27","0","9","9","0","0","0","0","1","Processor Side","1","0","0","0","0","0","0","0","0","6","3","0","0","0","0","0","0","0","0","Not Parked","0","0","0","0"